Rk,Player,Age,Tm_x,G,GS,Att,Yds,TD,1D,Succ%,Lng,Y/A,Y/G,A/G,Fmb,Awards,Year_x,Pos,Cap Hit,cap_percent,Year_y,Tm_y
1,Le'Veon Bell,25,PIT,15.0,15.0,321.0,1291.0,9.0,71.0,45.5,27.0,4.0,86.1,21.4,3.0,"PB,AP-1",2017,RB,12120000,7.18,2017,pittsburgh-steelers
2,LeSean McCoy,29,BUF,16.0,16.0,287.0,1138.0,6.0,57.0,42.2,48.0,4.0,71.1,17.9,3.0,PB,2017,RB,10375000,6.21,2017,buffalo-bills
3,Melvin Gordon,24,LAC,16.0,16.0,284.0,1105.0,8.0,61.0,39.8,87.0,3.9,69.1,17.8,1.0,,2017,RB,2909938,1.72,2017,los-angeles-chargers
4,Todd Gurley,23,LAR,15.0,15.0,279.0,1305.0,13.0,69.0,50.5,57.0,4.7,87.0,18.6,5.0,"PB,AP-1,AP MVP-2,AP OPoY-1,AP CPoY-6",2017,RB,3769959,2.33,2017,los-angeles-rams
5,Jordan Howard,23,CHI,16.0,16.0,276.0,1122.0,9.0,65.0,42.4,53.0,4.1,70.1,17.3,1.0,,2017,RB,602005,0.35,2017,chicago-bears
6,Kareem Hunt,22,KAN,16.0,16.0,272.0,1327.0,8.0,63.0,43.8,69.0,4.9,82.9,17.0,1.0,"PB,AP ORoY-2",2017,RB,658988,0.39,2017,kansas-city-chiefs
7,Leonard Fournette,22,JAX,13.0,13.0,268.0,1040.0,9.0,51.0,43.3,90.0,3.9,80.0,20.6,2.0,,2017,RB,4936516,2.4,2017,jacksonville-jaguars
8,Frank Gore,34,IND,16.0,16.0,261.0,961.0,3.0,49.0,42.9,21.0,3.7,60.1,16.3,3.0,,2017,RB,3500000,2.0,2017,indianapolis-colts
9,C.J. Anderson,26,DEN,16.0,16.0,245.0,1007.0,3.0,47.0,40.4,40.0,4.1,62.9,15.3,1.0,,2017,RB,3000000,1.79,2017,denver-broncos
10,Ezekiel Elliott,22,DAL,10.0,10.0,242.0,983.0,7.0,57.0,54.1,30.0,4.1,98.3,24.2,1.0,,2017,RB,5671895,3.36,2017,dallas-cowboys
11,Carlos Hyde,27,SFO,16.0,16.0,240.0,938.0,8.0,48.0,43.8,61.0,3.9,58.6,15.0,2.0,,2017,RB,1171443,0.57,2017,san-francisco-49ers
12,Lamar Miller,26,HOU,16.0,13.0,238.0,888.0,3.0,45.0,43.7,21.0,3.7,55.5,14.9,1.0,,2017,RB,6500000,3.77,2017,houston-texans
13,Mark Ingram,28,NOR,16.0,12.0,230.0,1124.0,12.0,52.0,47.4,72.0,4.9,70.3,14.4,3.0,PB,2017,RB,5345000,3.28,2017,new-orleans-saints
14,Latavius Murray,27,MIN,16.0,11.0,216.0,842.0,8.0,43.0,43.1,46.0,3.9,52.6,13.5,1.0,,2017,RB,2956250,1.74,2017,minnesota-vikings
15,Alex Collins,23,BAL,15.0,12.0,212.0,973.0,6.0,53.0,50.5,50.0,4.6,64.9,14.1,4.0,,2017,RB,508235,0.31,2017,baltimore-ravens
16,Jay Ajayi,24,2TM,14.0,8.0,208.0,873.0,1.0,45.0,41.8,71.0,4.2,62.4,14.9,3.0,,2017,RB,325588,0.18,2017,philadelphia-eagles
16,Jay Ajayi,24,MIA,7.0,7.0,138.0,465.0,0.0,29.0,42.0,21.0,3.4,66.4,19.7,1.0,,2017,RB,325588,0.18,2017,philadelphia-eagles
16,Jay Ajayi,24,PHI,7.0,1.0,70.0,408.0,1.0,16.0,41.4,71.0,5.8,58.3,10.0,2.0,,2017,RB,325588,0.18,2017,philadelphia-eagles
17,Marshawn Lynch,31,OAK,15.0,15.0,207.0,891.0,7.0,45.0,47.8,51.0,4.3,59.4,13.8,1.0,AP CPoY-6,2017,RB,2625000,1.51,2017,oakland-raiders
18,Isaiah Crowell,24,CLE,16.0,16.0,206.0,853.0,2.0,39.0,40.3,59.0,4.1,53.3,12.9,1.0,,2017,RB,2746000,1.27,2017,cleveland-browns
19,Jonathan Stewart,30,CAR,15.0,10.0,198.0,680.0,6.0,42.0,42.4,60.0,3.4,45.3,13.2,3.0,,2017,RB,6175000,3.43,2017,carolina-panthers
20,Devonta Freeman,25,ATL,14.0,14.0,196.0,865.0,7.0,55.0,49.5,44.0,4.4,61.8,14.0,4.0,,2017,RB,4418106,2.66,2017,atlanta-falcons
21,DeMarco Murray,29,TEN,15.0,15.0,184.0,659.0,6.0,33.0,37.0,75.0,3.6,43.9,12.3,1.0,,2017,RB,6950000,3.65,2017,tennessee-titans
22,Dion Lewis,27,NWE,16.0,8.0,180.0,896.0,6.0,49.0,54.4,44.0,5.0,56.0,11.3,0.0,,2017,RB,1487500,0.89,2017,new-england-patriots
23,Joe Mixon,21,CIN,14.0,7.0,178.0,626.0,4.0,39.0,41.0,25.0,3.5,44.7,12.7,3.0,,2017,RB,990940,0.57,2017,cincinnati-bengals
24,Bilal Powell,29,NYJ,15.0,10.0,178.0,772.0,5.0,32.0,33.7,75.0,4.3,51.5,11.9,1.0,,2017,RB,4633333,2.77,2017,new-york-jets
25,Derrick Henry,23,TEN,16.0,2.0,176.0,744.0,5.0,40.0,45.5,75.0,4.2,46.5,11.0,1.0,,2017,RB,1229074,0.64,2017,tennessee-titans
26,Samaje Perine,22,WAS,16.0,8.0,175.0,603.0,1.0,23.0,41.1,30.0,3.4,37.7,10.9,2.0,,2017,RB,629945,0.36,2017,washington-redskins
27,LeGarrette Blount,31,PHI,16.0,11.0,173.0,766.0,2.0,33.0,39.3,68.0,4.4,47.9,10.8,1.0,,2017,RB,1250000,0.71,2017,philadelphia-eagles
28,Orleans Darkwa,25,NYG,15.0,11.0,171.0,751.0,5.0,35.0,42.7,75.0,4.4,50.1,11.4,1.0,,2017,RB,1037500,0.62,2017,new-york-giants
29,Ameer Abdullah,24,DET,14.0,11.0,165.0,552.0,4.0,26.0,32.7,34.0,3.3,39.4,11.8,2.0,,2017,RB,1133489,0.67,2017,detroit-lions
30,Tevin Coleman,24,ATL,15.0,3.0,156.0,628.0,5.0,27.0,39.1,52.0,4.0,41.9,10.4,1.0,,2017,RB,866311,0.52,2017,atlanta-falcons
32,Javorius Allen,26,BAL,16.0,0.0,153.0,591.0,4.0,39.0,43.8,37.0,3.9,36.9,9.6,0.0,,2017,RB,733618,0.45,2017,baltimore-ravens
33,Jamaal Williams,22,GNB,16.0,7.0,153.0,556.0,4.0,32.0,48.4,25.0,3.6,34.8,9.6,0.0,,2017,RB,606498,0.35,2017,green-bay-packers
34,Jerick McKinnon,25,MIN,16.0,1.0,150.0,570.0,3.0,24.0,40.0,58.0,3.8,35.6,9.4,3.0,,2017,RB,828750,0.49,2017,minnesota-vikings
35,Cam Newton,28,CAR,16.0,16.0,139.0,754.0,6.0,46.0,49.6,69.0,5.4,47.1,8.7,9.0,,2017,QB,20166666,11.21,2017,carolina-panthers
36,Doug Martin,28,TAM,11.0,8.0,138.0,406.0,3.0,22.0,34.8,27.0,2.9,36.9,12.5,1.0,,2017,RB,5764705,3.34,2017,tampa-bay-buccaneers
37,Kenyan Drake,23,MIA,16.0,6.0,133.0,644.0,3.0,26.0,45.1,66.0,4.8,40.3,8.3,2.0,,2017,RB,800315,0.47,2017,miami-dolphins
38,Alvin Kamara,22,NOR,16.0,3.0,120.0,728.0,8.0,42.0,50.8,74.0,6.1,45.5,7.5,1.0,"PB,AP-2,AP ORoY-1",2017,RB,708193,0.43,2017,new-orleans-saints
39,Kerwynn Williams,26,ARI,16.0,6.0,120.0,426.0,1.0,21.0,43.3,25.0,3.6,26.6,7.5,0.0,,2017,RB,690000,0.4,2017,arizona-cardinals
40,Christian McCaffrey,21,CAR,16.0,10.0,117.0,435.0,2.0,22.0,45.3,40.0,3.7,27.2,7.3,2.0,,2017,RB,3134782,1.74,2017,carolina-panthers
41,Alfred Morris,29,DAL,14.0,5.0,115.0,547.0,1.0,25.0,50.4,70.0,4.8,39.1,8.2,0.0,,2017,RB,2137500,1.27,2017,dallas-cowboys
42,Chris Ivory,29,JAX,14.0,3.0,112.0,382.0,1.0,18.0,36.6,34.0,3.4,27.3,8.0,2.0,,2017,RB,6000000,2.91,2017,jacksonville-jaguars
43,Wayne Gallman,23,NYG,13.0,1.0,111.0,476.0,0.0,24.0,51.4,24.0,4.3,36.6,8.5,3.0,,2017,RB,569912,0.34,2017,new-york-giants
44,Peyton Barber,23,TAM,16.0,4.0,108.0,423.0,3.0,25.0,56.5,34.0,3.9,26.4,6.8,2.0,,2017,RB,540000,0.31,2017,tampa-bay-buccaneers
45,Giovani Bernard,26,CIN,16.0,2.0,105.0,458.0,2.0,21.0,41.9,25.0,4.4,28.6,6.6,0.0,,2017,RB,3675000,2.13,2017,cincinnati-bengals
46,Matt Breida,22,SFO,16.0,0.0,105.0,465.0,2.0,23.0,45.7,33.0,4.4,29.1,6.6,1.0,,2017,RB,466666,0.23,2017,san-francisco-49ers
47,Mike Gillislee,27,NWE,9.0,2.0,104.0,383.0,5.0,25.0,54.8,16.0,3.7,42.6,11.6,1.0,,2017,RB,3968750,2.37,2017,new-england-patriots
49,Russell Wilson,29,SEA,16.0,16.0,95.0,586.0,3.0,36.0,50.5,31.0,6.2,36.6,5.9,14.0,PB,2017,QB,14626666,8.65,2017,seattle-seahawks
50,Marlon Mack,21,IND,14.0,0.0,93.0,358.0,3.0,20.0,40.9,35.0,3.8,25.6,6.6,1.0,,2017,RB,569912,0.33,2017,indianapolis-colts
51,Elijah McGuire,23,NYJ,16.0,2.0,88.0,315.0,1.0,14.0,30.7,69.0,3.6,19.7,5.5,2.0,,2017,RB,507126,0.3,2017,new-york-jets
52,Tarik Cohen,22,CHI,16.0,4.0,87.0,370.0,2.0,19.0,47.1,46.0,4.3,23.1,5.4,3.0,,2017,RB,623914,0.36,2017,chicago-bears
53,Theo Riddick,26,DET,16.0,5.0,84.0,286.0,3.0,12.0,39.3,21.0,3.4,17.9,5.3,1.0,,2017,RB,2400000,1.43,2017,detroit-lions
54,Tyrod Taylor,28,BUF,15.0,14.0,84.0,427.0,4.0,28.0,42.9,32.0,5.1,28.5,5.6,4.0,,2017,QB,9713334,5.82,2017,buffalo-bills
55,Duke Johnson,24,CLE,16.0,0.0,82.0,348.0,4.0,27.0,53.7,19.0,4.2,21.8,5.1,4.0,,2017,RB,830023,0.38,2017,cleveland-browns
56,Aaron Jones,23,GNB,12.0,4.0,81.0,448.0,4.0,23.0,53.1,46.0,5.5,37.3,6.8,0.0,,2017,RB,515484,0.29,2017,green-bay-packers
57,Devontae Booker,25,DEN,13.0,0.0,79.0,299.0,1.0,13.0,48.1,26.0,3.8,23.0,6.1,2.0,,2017,RB,635848,0.38,2017,denver-broncos
59,DeShone Kizer,21,CLE,15.0,15.0,77.0,419.0,5.0,32.0,50.6,20.0,5.4,27.9,5.1,9.0,,2017,QB,899712,0.42,2017,cleveland-browns
60,Corey Clement,23,PHI,16.0,0.0,74.0,321.0,4.0,19.0,48.6,28.0,4.3,20.1,4.6,0.0,,2017,RB,468333,0.27,2017,philadelphia-eagles
62,Alfred Blue,26,HOU,11.0,0.0,71.0,262.0,1.0,10.0,45.1,48.0,3.7,23.8,6.5,0.0,,2017,RB,719483,0.42,2017,houston-texans
64,Jamaal Charles,31,DEN,14.0,0.0,69.0,296.0,1.0,17.0,50.7,19.0,4.3,21.1,4.9,2.0,,2017,RB,1484375,0.88,2017,denver-broncos
65,Eddie Lacy,27,SEA,9.0,3.0,69.0,179.0,0.0,7.0,29.0,19.0,2.6,19.9,7.7,0.0,,2017,RB,3562500,2.11,2017,seattle-seahawks
66,Mike Davis,24,SEA,6.0,6.0,68.0,240.0,0.0,11.0,27.9,33.0,3.5,40.0,11.3,0.0,,2017,RB,253235,0.15,2017,seattle-seahawks
67,Mike Tolbert,32,BUF,12.0,0.0,66.0,247.0,1.0,9.0,36.4,25.0,3.7,20.6,5.5,2.0,,2017,FB,695000,0.42,2017,buffalo-bills
68,Rex Burkhead,27,NWE,10.0,3.0,64.0,264.0,5.0,14.0,51.6,31.0,4.1,26.4,6.4,1.0,,2017,RB,3150000,1.88,2017,new-england-patriots
69,Jacquizz Rodgers,27,TAM,16.0,4.0,64.0,244.0,1.0,11.0,40.6,36.0,3.8,15.3,4.0,0.0,,2017,RB,1700000,0.99,2017,tampa-bay-buccaneers
70,Chris Thompson,27,WAS,10.0,1.0,64.0,294.0,2.0,11.0,40.6,61.0,4.6,29.4,6.4,3.0,,2017,WR,382942,0.22,2017,houston-texans
72,Jacoby Brissett,25,IND,16.0,15.0,63.0,260.0,4.0,15.0,33.3,25.0,4.1,16.3,3.9,8.0,,2017,QB,580038,0.33,2017,indianapolis-colts
73,Malcolm Brown,24,LAR,11.0,1.0,63.0,246.0,1.0,10.0,31.7,20.0,3.9,22.4,5.7,1.0,,2017,RB,540000,0.33,2017,los-angeles-rams
75,Marcus Mariota,24,TEN,15.0,15.0,60.0,312.0,5.0,23.0,55.0,34.0,5.2,20.8,4.0,2.0,,2017,QB,6603811,3.46,2017,tennessee-titans
76,Alex Smith,33,KAN,15.0,15.0,60.0,355.0,1.0,20.0,53.3,70.0,5.9,23.7,4.0,1.0,PB,2017,QB,16900000,9.93,2017,kansas-city-chiefs
77,Tavon Austin,27,LAR,16.0,9.0,59.0,270.0,1.0,11.0,45.8,27.0,4.6,16.9,3.7,5.0,,2017,WR,14977116,9.25,2017,los-angeles-rams
78,Thomas Rawls,24,SEA,12.0,3.0,58.0,157.0,0.0,6.0,32.8,23.0,2.7,13.1,4.8,1.0,,2017,RB,620000,0.37,2017,seattle-seahawks
79,Blake Bortles,25,JAX,16.0,16.0,57.0,322.0,2.0,20.0,50.9,28.0,5.6,20.1,3.6,9.0,,2017,QB,6571985,3.19,2017,jacksonville-jaguars
80,Dak Prescott,24,DAL,16.0,16.0,57.0,357.0,6.0,29.0,63.2,21.0,6.3,22.3,3.6,4.0,,2017,QB,635848,0.38,2017,dallas-cowboys
81,DeAndre Washington,24,OAK,15.0,0.0,57.0,153.0,2.0,10.0,40.4,11.0,2.7,10.2,3.8,2.0,,2017,RB,607298,0.35,2017,oakland-raiders
82,Jalen Richard,24,OAK,16.0,1.0,56.0,275.0,1.0,10.0,35.7,52.0,4.9,17.2,3.5,8.0,,2017,RB,540000,0.31,2017,oakland-raiders
83,Rod Smith,25,DAL,15.0,1.0,55.0,232.0,4.0,16.0,56.4,45.0,4.2,15.5,3.7,0.0,,2017,RB,615000,0.36,2017,dallas-cowboys
85,Kirk Cousins,29,WAS,16.0,16.0,49.0,179.0,4.0,19.0,49.0,18.0,3.7,11.2,3.1,13.0,,2017,QB,23943600,13.56,2017,washington-redskins
86,T.J. Yeldon,24,JAX,10.0,0.0,49.0,253.0,2.0,7.0,42.9,58.0,5.2,25.3,4.9,2.0,,2017,RB,1612848,0.78,2017,jacksonville-jaguars
87,Austin Ekeler,22,LAC,16.0,0.0,47.0,260.0,2.0,13.0,55.3,35.0,5.5,16.3,2.9,2.0,,2017,RB,466666,0.28,2017,los-angeles-chargers
88,Wendell Smallwood,23,PHI,8.0,3.0,47.0,174.0,1.0,10.0,31.9,26.0,3.7,21.8,5.9,0.0,,2017,RB,601144,0.34,2017,philadelphia-eagles
89,J.D. McKissic,24,SEA,13.0,1.0,46.0,187.0,1.0,7.0,52.2,30.0,4.1,14.4,3.5,0.0,,2017,RB,540000,0.32,2017,seattle-seahawks
90,Damien Williams,25,MIA,11.0,4.0,46.0,181.0,0.0,7.0,28.3,69.0,3.9,16.5,4.2,0.0,,2017,RB,1797000,1.04,2017,miami-dolphins
92,Shane Vereen,28,NYG,16.0,0.0,45.0,164.0,0.0,3.0,42.2,17.0,3.6,10.3,2.8,0.0,,2017,RB,3916668,2.34,2017,new-york-giants
93,James White,25,NWE,14.0,4.0,43.0,171.0,0.0,6.0,48.8,10.0,4.0,12.2,3.1,0.0,,2017,RB,1789272,1.07,2017,new-england-patriots
94,Tion Green,24,DET,5.0,0.0,42.0,165.0,2.0,9.0,42.9,33.0,3.9,33.0,8.4,0.0,,2017,RB,466666,0.28,2017,detroit-lions
95,Paul Perkins,23,NYG,11.0,4.0,41.0,90.0,0.0,3.0,19.5,14.0,2.2,8.2,3.7,0.0,,2017,RB,603137,0.36,2017,new-york-giants
96,Mitchell Trubisky,23,CHI,12.0,12.0,41.0,248.0,2.0,14.0,39.0,46.0,6.0,20.7,3.4,10.0,,2017,QB,5278622,3.03,2017,chicago-bears
97,Case Keenum,29,MIN,15.0,14.0,40.0,160.0,1.0,13.0,42.5,22.0,4.0,10.7,2.7,1.0,AP CPoY-2,2017,QB,1906250,1.12,2017,minnesota-vikings
98,Terrance West,26,BAL,5.0,4.0,39.0,138.0,2.0,12.0,51.3,13.0,3.5,27.6,7.8,1.0,,2017,RB,1797000,1.1,2017,baltimore-ravens
99,Andy Dalton,30,CIN,16.0,16.0,38.0,99.0,0.0,10.0,26.3,25.0,2.6,6.2,2.4,4.0,,2017,QB,15700000,9.08,2017,cincinnati-bengals
102,Brett Hundley,24,GNB,11.0,9.0,36.0,270.0,2.0,21.0,66.7,24.0,7.5,24.5,3.3,4.0,,2017,QB,670908,0.38,2017,green-bay-packers
104,Branden Oliver,26,LAC,8.0,0.0,35.0,83.0,0.0,6.0,31.4,26.0,2.4,10.4,4.4,0.0,,2017,RB,800000,0.47,2017,los-angeles-chargers
105,Drew Brees,38,NOR,16.0,16.0,33.0,12.0,2.0,7.0,30.3,7.0,0.4,0.8,2.1,5.0,PB,2017,QB,19000000,11.65,2017,new-orleans-saints
106,Jameis Winston,23,TAM,13.0,13.0,33.0,135.0,1.0,8.0,45.5,17.0,4.1,10.4,2.5,15.0,,2017,QB,6913985,4.01,2017,tampa-bay-buccaneers
108,Matt Ryan,32,ATL,16.0,16.0,32.0,143.0,0.0,11.0,50.0,16.0,4.5,8.9,2.0,4.0,,2017,QB,23750000,14.28,2017,atlanta-falcons
109,Elijhaa Penny,24,ARI,16.0,0.0,31.0,124.0,2.0,7.0,61.3,14.0,4.0,7.8,1.9,0.0,,2017,RB,465000,0.27,2017,arizona-cardinals
111,Corey Grant,26,JAX,16.0,0.0,30.0,248.0,2.0,10.0,60.0,58.0,8.3,15.5,1.9,1.0,,2017,RB,616668,0.3,2017,jacksonville-jaguars
112,Terron Ward,25,ATL,14.0,0.0,30.0,129.0,0.0,7.0,40.0,17.0,4.3,9.2,2.1,1.0,,2017,RB,615000,0.37,2017,atlanta-falcons
113,Matthew Stafford,29,DET,16.0,16.0,29.0,98.0,0.0,9.0,34.5,15.0,3.4,6.1,1.8,12.0,,2017,QB,16500000,9.8,2017,detroit-lions
114,Jared Goff,23,LAR,15.0,15.0,28.0,51.0,1.0,3.0,25.0,22.0,1.8,3.4,1.9,8.0,PB,2017,QB,6349471,3.92,2017,los-angeles-rams
115,Ben Roethlisberger,35,PIT,15.0,15.0,28.0,47.0,0.0,7.0,21.4,14.0,1.7,3.1,1.9,3.0,PB,2017,QB,18200000,10.78,2017,pittsburgh-steelers
116,C.J. Beathard,24,SFO,7.0,5.0,26.0,136.0,3.0,11.0,65.4,16.0,5.2,19.4,3.7,3.0,,2017,QB,641572,0.31,2017,san-francisco-49ers
117,Stevan Ridley,28,PIT,2.0,1.0,26.0,108.0,1.0,6.0,38.5,21.0,4.2,54.0,13.0,0.0,,2017,RB,72353,0.04,2017,pittsburgh-steelers
118,Tom Brady,40,NWE,16.0,16.0,25.0,28.0,0.0,8.0,32.0,7.0,1.1,1.8,1.6,7.0,"PB,AP-1,AP MVP-1,AP OPoY-3",2017,QB,14000000,8.36,2017,new-england-patriots
119,Joe Flacco,32,BAL,16.0,16.0,25.0,54.0,1.0,4.0,20.0,25.0,2.2,3.4,1.6,6.0,,2017,QB,24550000,15.02,2017,baltimore-ravens
121,Derek Carr,26,OAK,15.0,15.0,23.0,66.0,0.0,5.0,26.1,32.0,2.9,4.4,1.5,8.0,PB,2017,QB,15731691,9.03,2017,oakland-raiders
124,Blaine Gabbert,28,ARI,5.0,5.0,22.0,82.0,0.0,7.0,45.5,12.0,3.7,16.4,4.4,7.0,,2017,QB,895000,0.52,2017,arizona-cardinals
125,Kapri Bibbs,24,WAS,3.0,0.0,21.0,79.0,0.0,4.0,38.1,16.0,3.8,26.3,7.0,0.0,,2017,RB,108528,0.06,2017,washington-redskins
126,Charles Sims,27,TAM,16.0,0.0,21.0,95.0,0.0,6.0,33.3,21.0,4.5,5.9,1.3,1.0,,2017,RB,950023,0.55,2017,tampa-bay-buccaneers
127,Dwayne Washington,23,DET,5.0,0.0,20.0,44.0,0.0,1.0,35.0,6.0,2.2,8.8,4.0,0.0,,2017,RB,558941,0.33,2017,detroit-lions
128,Andre Ellington,28,2TM,12.0,2.0,20.0,55.0,1.0,3.0,40.0,14.0,2.8,4.6,1.7,0.0,,2017,RB,273529,0.16,2017,houston-texans
128,Andre Ellington,28,ARI,8.0,0.0,15.0,53.0,1.0,3.0,46.7,14.0,3.5,6.6,1.9,0.0,,2017,RB,273529,0.16,2017,houston-texans
128,Andre Ellington,28,HOU,4.0,2.0,5.0,2.0,0.0,0.0,20.0,7.0,0.4,0.5,1.3,0.0,,2017,RB,273529,0.16,2017,houston-texans
129,Jay Cutler,34,MIA,14.0,14.0,19.0,32.0,0.0,3.0,31.6,9.0,1.7,2.3,1.4,6.0,,2017,QB,10000000,5.81,2017,miami-dolphins
130,Cameron Artis-Payne,27,CAR,13.0,0.0,18.0,95.0,1.0,5.0,38.9,43.0,5.3,7.3,1.4,0.0,,2017,RB,656563,0.36,2017,carolina-panthers
131,Philip Rivers,36,LAC,16.0,16.0,18.0,-2.0,0.0,1.0,11.1,8.0,-0.1,-0.1,1.1,8.0,PB,2017,QB,18000000,10.61,2017,los-angeles-chargers
132,Charcandrick West,26,KAN,13.0,0.0,18.0,72.0,2.0,4.0,27.8,21.0,4.0,5.5,1.4,1.0,,2017,RB,1152083,0.68,2017,kansas-city-chiefs
133,Tyreek Hill,23,KAN,15.0,13.0,17.0,59.0,0.0,3.0,35.3,16.0,3.5,3.9,1.1,2.0,PB,2017,WR,586260,0.34,2017,kansas-city-chiefs
134,Kenjon Barner,28,PHI,13.0,1.0,16.0,57.0,1.0,3.0,31.3,18.0,3.6,4.4,1.2,3.0,,2017,RB,568235,0.32,2017,philadelphia-eagles
135,Ryan Fitzpatrick,35,TAM,6.0,3.0,15.0,78.0,0.0,5.0,46.7,15.0,5.2,13.0,2.5,0.0,,2017,QB,3675000,2.13,2017,tampa-bay-buccaneers
136,Jimmy Garoppolo,26,SFO,6.0,5.0,15.0,11.0,1.0,4.0,26.7,8.0,0.7,1.8,2.5,1.0,,2017,QB,434158,0.21,2017,san-francisco-49ers
138,Brock Osweiler,27,DEN,6.0,4.0,14.0,64.0,1.0,3.0,35.7,18.0,4.6,10.7,2.3,2.0,,2017,QB,775000,0.46,2017,denver-broncos
140,Anthony Sherman,29,KAN,16.0,3.0,14.0,40.0,1.0,5.0,42.9,9.0,2.9,2.5,0.9,0.0,,2017,FB,1750000,1.03,2017,kansas-city-chiefs
141,Danny Woodhead,32,BAL,8.0,0.0,14.0,56.0,0.0,2.0,28.6,10.0,4.0,7.0,1.8,0.0,,2017,RB,1750000,1.07,2017,baltimore-ravens
142,Zach Zenner,26,DET,8.0,0.0,14.0,26.0,1.0,3.0,21.4,14.0,1.9,3.3,1.8,0.0,,2017,RB,616668,0.37,2017,detroit-lions
143,Travis Benjamin,28,LAC,16.0,3.0,13.0,96.0,0.0,7.0,69.2,22.0,7.4,6.0,0.8,2.0,,2017,WR,6500000,3.83,2017,los-angeles-chargers
144,Brandon Bolden,27,NWE,16.0,0.0,13.0,67.0,0.0,3.0,46.2,20.0,5.2,4.2,0.8,0.0,,2017,RB,615000,0.37,2017,new-england-patriots
145,Cordarrelle Patterson,26,OAK,16.0,2.0,13.0,121.0,2.0,3.0,46.2,47.0,9.3,7.6,0.8,3.0,,2017,WR,5600000,3.21,2017,oakland-raiders
146,Eli Manning,36,NYG,15.0,15.0,12.0,26.0,1.0,2.0,16.7,14.0,2.2,1.7,0.8,11.0,,2017,QB,19700000,11.75,2017,new-york-giants
147,Lance Dunbar,27,LAR,4.0,0.0,11.0,51.0,1.0,4.0,54.5,12.0,4.6,12.8,2.8,0.0,,2017,RB,1476556,0.91,2017,los-angeles-rams
148,Nick Foles,28,PHI,7.0,3.0,11.0,3.0,0.0,1.0,18.2,9.0,0.3,0.4,1.6,6.0,,2017,QB,1600000,0.91,2017,philadelphia-eagles
149,Brian Hill,22,CIN,6.0,0.0,11.0,37.0,0.0,2.0,45.5,11.0,3.4,6.2,1.8,0.0,,2017,RB,191471,0.11,2017,cincinnati-bengals
152,Ted Ginn Jr.,32,NOR,15.0,10.0,10.0,39.0,0.0,3.0,50.0,15.0,3.9,2.6,0.7,2.0,,2017,WR,3000000,1.84,2017,new-orleans-saints
153,Kevin Hogan,25,CLE,4.0,1.0,10.0,71.0,0.0,4.0,70.0,11.0,7.1,17.8,2.5,1.0,,2017,QB,540000,0.25,2017,cleveland-browns
154,Tyler Lockett,25,SEA,16.0,8.0,10.0,58.0,0.0,5.0,60.0,22.0,5.8,3.6,0.6,0.0,AP-2,2017,WR,891687,0.53,2017,seattle-seahawks
155,Randall Cobb,27,GNB,15.0,14.0,9.0,17.0,0.0,1.0,33.3,10.0,1.9,1.1,0.6,1.0,,2017,WR,12656250,7.23,2017,green-bay-packers
156,Brandin Cooks,24,NWE,16.0,15.0,9.0,40.0,0.0,2.0,55.6,13.0,4.4,2.5,0.6,0.0,,2017,WR,1563198,0.93,2017,new-england-patriots
157,Benny Cunningham,27,CHI,14.0,0.0,9.0,29.0,0.0,1.0,22.2,12.0,3.2,2.1,0.6,1.0,,2017,RB,695000,0.4,2017,chicago-bears
158,Trey Edmunds,23,NOR,16.0,0.0,9.0,48.0,1.0,1.0,22.2,41.0,5.3,3.0,0.6,0.0,,2017,RB,465000,0.29,2017,new-orleans-saints
159,Sean Mannion,25,LAR,5.0,1.0,9.0,-2.0,0.0,3.0,33.3,3.0,-0.2,-0.4,1.8,2.0,,2017,QB,886486,0.55,2017,los-angeles-rams
161,Jamize Olawale,28,OAK,12.0,0.0,9.0,43.0,1.0,5.0,77.8,11.0,4.8,3.6,0.8,1.0,,2017,FB,1790000,1.03,2017,oakland-raiders
162,Drew Stanton,33,ARI,5.0,4.0,9.0,7.0,0.0,2.0,22.2,5.0,0.8,1.4,1.8,3.0,,2017,QB,4050000,2.36,2017,arizona-cardinals
164,Brian Hoyer,32,2TM,11.0,6.0,9.0,4.0,1.0,2.0,22.2,9.0,0.4,0.4,0.8,3.0,,2017,QB,476470,0.28,2017,new-england-patriots
164,Brian Hoyer,32,SFO,6.0,6.0,5.0,7.0,1.0,2.0,40.0,9.0,1.4,1.2,0.8,3.0,,2017,QB,476470,0.28,2017,new-england-patriots
164,Brian Hoyer,32,NWE,5.0,0.0,4.0,-3.0,0.0,0.0,0.0,,-0.8,-0.6,0.8,0.0,,2017,QB,476470,0.28,2017,new-england-patriots
165,Mack Brown,26,WAS,3.0,0.0,8.0,29.0,0.0,1.0,37.5,11.0,3.6,9.7,2.7,0.0,,2017,RB,285880,0.17,2017,minnesota-vikings
166,Stefon Diggs,24,MIN,14.0,14.0,8.0,13.0,0.0,1.0,37.5,9.0,1.6,0.9,0.6,0.0,,2017,WR,671928,0.4,2017,minnesota-vikings
167,Taylor Gabriel,26,ATL,16.0,4.0,8.0,49.0,0.0,4.0,75.0,15.0,6.1,3.1,0.5,0.0,,2017,WR,2746000,1.65,2017,atlanta-falcons
169,Landry Jones,28,PIT,3.0,1.0,8.0,-10.0,0.0,0.0,0.0,,-1.3,-3.3,2.7,1.0,,2017,QB,2200000,1.3,2017,pittsburgh-steelers
170,Senorise Perry,26,MIA,16.0,0.0,8.0,30.0,0.0,2.0,50.0,12.0,3.8,1.9,0.5,0.0,,2017,RB,540000,0.31,2017,miami-dolphins
171,Taywan Taylor,22,TEN,16.0,4.0,8.0,43.0,0.0,1.0,75.0,17.0,5.4,2.7,0.5,0.0,,2017,WR,694003,0.36,2017,tennessee-titans
172,Joe Webb,31,BUF,16.0,0.0,8.0,54.0,0.0,4.0,50.0,22.0,6.8,3.4,0.5,0.0,,2017,QB,615000,0.37,2017,buffalo-bills
173,Jamison Crowder,24,WAS,15.0,6.0,7.0,34.0,0.0,1.0,57.1,11.0,4.9,2.3,0.5,6.0,,2017,WR,751406,0.43,2017,washington-redskins
174,C.J. Ham,24,MIN,16.0,1.0,7.0,13.0,1.0,5.0,71.4,3.0,1.9,0.8,0.4,0.0,,2017,RB,465000,0.27,2017,minnesota-vikings
175,De'Angelo Henderson,25,DEN,5.0,0.0,7.0,13.0,0.0,2.0,28.6,5.0,1.9,2.6,1.4,0.0,,2017,RB,501288,0.3,2017,denver-broncos
176,Kyle Juszczyk,26,SFO,14.0,10.0,7.0,31.0,0.0,4.0,57.1,12.0,4.4,2.2,0.5,2.0,PB,2017,FB,3750000,1.83,2017,san-francisco-49ers
177,Zach Line,27,NOR,12.0,4.0,7.0,28.0,0.0,5.0,100.0,9.0,4.0,2.3,0.6,0.0,,2017,FB,470294,0.29,2017,new-orleans-saints
178,Patrick Mahomes,22,KAN,1.0,1.0,7.0,10.0,0.0,0.0,14.3,5.0,1.4,10.0,7.0,0.0,,2017,QB,2986506,1.76,2017,kansas-city-chiefs
179,Marcus Murphy,26,BUF,1.0,0.0,7.0,41.0,0.0,2.0,42.9,25.0,5.9,41.0,7.0,0.0,,2017,RB,36176,0.02,2017,buffalo-bills
180,Nathan Peterman,23,BUF,4.0,2.0,7.0,23.0,0.0,1.0,42.9,9.0,3.3,5.8,1.8,2.0,,2017,QB,524874,0.31,2017,buffalo-bills
181,Bryce Petty,26,NYJ,4.0,3.0,7.0,55.0,0.0,4.0,71.4,24.0,7.9,13.8,1.8,1.0,,2017,QB,753424,0.45,2017,new-york-jets
182,ArDarius Stewart,24,NYJ,15.0,2.0,7.0,27.0,0.0,2.0,57.1,11.0,3.9,1.8,0.5,0.0,,2017,WR,676581,0.4,2017,new-york-jets
183,Fozzy Whittaker,28,CAR,12.0,0.0,7.0,18.0,0.0,2.0,57.1,8.0,2.6,1.5,0.6,0.0,,2017,RB,1350000,0.75,2017,carolina-panthers
184,Martavis Bryant,26,PIT,15.0,8.0,6.0,22.0,0.0,0.0,50.0,13.0,3.7,1.5,0.4,0.0,,2017,WR,724805,0.43,2017,pittsburgh-steelers
185,D.J. Foster,24,ARI,7.0,0.0,6.0,19.0,0.0,0.0,16.7,5.0,3.2,2.7,0.9,0.0,,2017,WR,508235,0.3,2017,arizona-cardinals
186,Andy Janovich,24,DEN,16.0,4.0,6.0,12.0,1.0,3.0,66.7,4.0,2.0,0.8,0.4,0.0,,2017,FB,581077,0.35,2017,denver-broncos
189,Derek Watt,25,LAC,16.0,4.0,6.0,24.0,0.0,2.0,33.3,17.0,4.0,1.5,0.4,0.0,,2017,FB,572420,0.34,2017,los-angeles-chargers
190,Tommy Bohanon,27,JAX,16.0,10.0,5.0,5.0,2.0,2.0,40.0,3.0,1.0,0.3,0.3,0.0,,2017,FB,690000,0.34,2017,jacksonville-jaguars
191,Michael Campanaro,26,BAL,13.0,0.0,5.0,42.0,0.0,2.0,80.0,19.0,8.4,3.2,0.4,4.0,,2017,WR,1012500,0.62,2017,baltimore-ravens
192,Kellen Clemens,34,LAC,8.0,0.0,5.0,-5.0,0.0,0.0,0.0,-1.0,-1.0,-0.6,0.6,0.0,,2017,QB,1000000,0.59,2017,los-angeles-chargers
194,Alex Erickson,25,CIN,16.0,0.0,5.0,16.0,0.0,1.0,40.0,14.0,3.2,1.0,0.3,7.0,,2017,WR,543000,0.31,2017,cincinnati-bengals
195,MarQueis Gray,28,MIA,16.0,0.0,5.0,14.0,0.0,3.0,80.0,5.0,2.8,0.9,0.3,0.0,,2017,TE,925000,0.54,2017,miami-dolphins
196,Chad Henne,32,JAX,2.0,0.0,5.0,-5.0,0.0,0.0,0.0,-1.0,-1.0,-2.5,2.5,0.0,,2017,QB,3500000,1.7,2017,jacksonville-jaguars
197,Adoree' Jackson,22,TEN,16.0,16.0,5.0,55.0,0.0,3.0,80.0,20.0,11.0,3.4,0.3,1.0,,2017,CB,2051415,1.08,2017,tennessee-titans
198,Matt Jones,24,IND,5.0,0.0,5.0,14.0,0.0,1.0,40.0,5.0,2.8,2.8,1.0,0.0,,2017,RB,144705,0.08,2017,indianapolis-colts
199,Paxton Lynch,23,DEN,2.0,2.0,5.0,30.0,0.0,2.0,60.0,11.0,6.0,15.0,2.5,2.0,,2017,QB,2153704,1.28,2017,denver-broncos
200,Aaron Ripkowski,25,GNB,16.0,2.0,5.0,13.0,0.0,0.0,0.0,4.0,2.6,0.8,0.3,0.0,,2017,FB,641599,0.37,2017,green-bay-packers
201,Golden Tate,29,DET,16.0,12.0,5.0,22.0,0.0,2.0,40.0,10.0,4.4,1.4,0.3,1.0,,2017,WR,8351250,4.96,2017,detroit-lions
203,T.J. Yates,30,HOU,4.0,3.0,5.0,51.0,0.0,4.0,80.0,15.0,10.2,12.8,1.3,5.0,,2017,QB,410294,0.24,2017,houston-texans
204,Michael Burton,25,CHI,16.0,3.0,4.0,9.0,0.0,2.0,50.0,7.0,2.3,0.6,0.3,0.0,,2017,FB,615000,0.35,2017,chicago-bears
206,David Fales,27,MIA,2.0,0.0,4.0,8.0,1.0,1.0,25.0,3.0,2.0,4.0,2.0,0.0,,2017,QB,405880,0.24,2017,miami-dolphins
207,David Fluellen,25,TEN,16.0,0.0,4.0,21.0,0.0,1.0,75.0,10.0,5.3,1.3,0.3,0.0,,2017,RB,540000,0.28,2017,tennessee-titans
208,Mike Glennon,28,CHI,4.0,4.0,4.0,4.0,0.0,0.0,0.0,2.0,1.0,1.0,1.0,5.0,,2017,QB,14000000,8.03,2017,chicago-bears
209,Marquise Goodwin,27,SFO,16.0,16.0,4.0,44.0,0.0,3.0,100.0,18.0,11.0,2.8,0.3,0.0,,2017,WR,3250000,1.59,2017,san-francisco-49ers
210,Ryan Mallett,29,BAL,2.0,0.0,4.0,-3.0,0.0,1.0,0.0,,-0.8,-1.5,2.0,1.0,,2017,QB,2000000,1.22,2017,baltimore-ravens
211,Devante Mays,23,GNB,8.0,0.0,4.0,1.0,0.0,0.0,0.0,2.0,0.3,0.1,0.5,2.0,,2017,RB,483759,0.28,2017,green-bay-packers
213,Mohamed Sanu,28,ATL,15.0,15.0,4.0,10.0,0.0,3.0,75.0,4.0,2.5,0.7,0.3,0.0,,2017,WR,7400000,4.45,2017,atlanta-falcons
215,Sterling Shepard,24,NYG,11.0,10.0,4.0,4.0,0.0,1.0,50.0,12.0,1.0,0.4,0.4,1.0,,2017,WR,1351039,0.81,2017,new-york-giants
216,Geno Smith,27,NYG,2.0,1.0,4.0,12.0,0.0,2.0,50.0,10.0,3.0,6.0,2.0,2.0,,2017,QB,1087500,0.65,2017,new-york-giants
217,Ryan Switzer,23,DAL,16.0,0.0,4.0,5.0,0.0,0.0,0.0,3.0,1.3,0.3,0.3,1.0,,2017,WR,606496,0.36,2017,dallas-cowboys
218,Teddy Bridgewater,25,MIN,1.0,0.0,3.0,-3.0,0.0,0.0,0.0,-1.0,-1.0,-3.0,3.0,0.0,,2017,QB,2179387,1.28,2017,minnesota-vikings
220,Chase Daniel,31,NOR,1.0,0.0,3.0,-2.0,0.0,0.0,0.0,,-0.7,-2.0,3.0,0.0,,2017,QB,900000,0.55,2017,new-orleans-saints
223,Jakeem Grant,25,MIA,16.0,0.0,3.0,12.0,0.0,0.0,33.3,7.0,4.0,0.8,0.2,2.0,,2017,WR,575095,0.33,2017,miami-dolphins
224,Chris Hogan,30,NWE,9.0,7.0,3.0,17.0,0.0,1.0,66.7,13.0,5.7,1.9,0.3,0.0,,2017,WR,2968750,1.77,2017,new-england-patriots
225,DeSean Jackson,31,TAM,14.0,13.0,3.0,38.0,0.0,1.0,100.0,23.0,12.7,2.7,0.2,0.0,,2017,WR,12500000,7.24,2017,tampa-bay-buccaneers
226,Matt Moore,33,MIA,4.0,2.0,3.0,9.0,0.0,1.0,66.7,7.0,3.0,2.3,0.8,0.0,,2017,QB,2150000,1.25,2017,miami-dolphins
228,Roosevelt Nix,25,PIT,16.0,4.0,3.0,0.0,1.0,1.0,33.3,,0.0,0.0,0.2,0.0,PB,2017,FB,615000,0.36,2017,pittsburgh-steelers
230,Chester Rogers,23,IND,11.0,4.0,3.0,8.0,0.0,0.0,33.3,7.0,2.7,0.7,0.3,0.0,,2017,WR,540000,0.31,2017,indianapolis-colts
231,Albert Wilson,25,KAN,13.0,7.0,3.0,6.0,0.0,1.0,66.7,6.0,2.0,0.5,0.2,0.0,,2017,WR,1797000,1.06,2017,kansas-city-chiefs
232,Bobo Wilson,22,TAM,3.0,1.0,3.0,8.0,0.0,0.0,66.7,8.0,2.7,2.7,1.0,0.0,,2017,WR,136765,0.08,2017,tampa-bay-buccaneers
233,Kaelin Clay,25,2TM,13.0,2.0,3.0,27.0,0.0,1.0,33.3,29.0,9.0,2.1,0.2,3.0,,2017,WR,317650,0.18,2017,carolina-panthers
233,Kaelin Clay,25,BUF,4.0,0.0,1.0,0.0,0.0,0.0,0.0,,0.0,0.0,0.3,1.0,,2017,WR,317650,0.18,2017,carolina-panthers
233,Kaelin Clay,25,CAR,9.0,2.0,2.0,27.0,0.0,1.0,50.0,29.0,13.5,3.0,0.2,2.0,,2017,WR,317650,0.18,2017,carolina-panthers
234,Jamal Agnew,22,DET,13.0,0.0,2.0,9.0,0.0,1.0,100.0,5.0,4.5,0.7,0.2,3.0,AP-1,2017,CB,529591,0.31,2017,detroit-lions
235,Keenan Allen,25,LAC,16.0,15.0,2.0,9.0,0.0,0.0,50.0,6.0,4.5,0.6,0.1,1.0,"PB,AP CPoY-1",2017,WR,8650000,5.1,2017,los-angeles-chargers
236,Derek Anderson,34,CAR,3.0,0.0,2.0,-2.0,0.0,0.0,0.0,-1.0,-1.0,-0.7,0.7,0.0,,2017,QB,2243750,1.25,2017,carolina-panthers
237,Doug Baldwin,29,SEA,16.0,16.0,2.0,-8.0,0.0,0.0,0.0,-3.0,-4.0,-0.5,0.1,0.0,PB,2017,WR,4418750,2.61,2017,seattle-seahawks
239,Derrick Coleman,27,ATL,16.0,7.0,2.0,8.0,0.0,0.0,0.0,5.0,4.0,0.5,0.1,0.0,,2017,FB,690000,0.41,2017,atlanta-falcons
240,Trevor Davis,24,GNB,16.0,0.0,2.0,13.0,0.0,0.0,100.0,9.0,6.5,0.8,0.1,0.0,,2017,WR,596794,0.34,2017,green-bay-packers
241,Patrick DiMarco,28,BUF,16.0,9.0,2.0,-2.0,0.0,0.0,0.0,,-1.0,-0.1,0.1,0.0,,2017,FB,1850000,1.11,2017,buffalo-bills
243,Will Fuller,23,HOU,10.0,10.0,2.0,9.0,0.0,0.0,100.0,5.0,4.5,0.9,0.2,0.0,,2017,WR,2310071,1.34,2017,houston-texans
244,Darrius Heyward-Bey,30,PIT,16.0,0.0,2.0,32.0,1.0,1.0,50.0,29.0,16.0,2.0,0.1,0.0,,2017,WR,1333333,0.79,2017,pittsburgh-steelers
245,Travis Kelce,28,KAN,15.0,15.0,2.0,7.0,0.0,2.0,100.0,4.0,3.5,0.5,0.1,0.0,"PB,AP-2",2017,TE,5418400,3.18,2017,kansas-city-chiefs
246,Marquette King,29,OAK,16.0,0.0,2.0,-14.0,0.0,0.0,0.0,-3.0,-7.0,-0.9,0.1,0.0,,2017,P,2550000,1.46,2017,oakland-raiders
248,Tommylee Lewis,25,NOR,15.0,0.0,2.0,14.0,0.0,0.0,100.0,8.0,7.0,0.9,0.1,1.0,,2017,WR,541666,0.33,2017,new-orleans-saints
249,Josh Malone,21,CIN,11.0,7.0,2.0,2.0,0.0,0.0,50.0,4.0,1.0,0.2,0.2,0.0,,2017,WR,614810,0.36,2017,cincinnati-bengals
251,Vince Mayle,26,BAL,16.0,0.0,2.0,2.0,1.0,1.0,50.0,2.0,1.0,0.1,0.1,0.0,,2017,WR,540000,0.33,2017,baltimore-ravens
252,Chris Moore,24,BAL,13.0,4.0,2.0,-9.0,0.0,0.0,0.0,-4.0,-4.5,-0.7,0.2,0.0,,2017,WR,689090,0.42,2017,baltimore-ravens
253,Niles Paul,28,WAS,14.0,8.0,2.0,4.0,0.0,1.0,50.0,5.0,2.0,0.3,0.1,0.0,,2017,TE,2208334,1.25,2017,washington-redskins
254,Cooper Rush,24,DAL,2.0,0.0,2.0,13.0,0.0,1.0,50.0,15.0,6.5,6.5,1.0,0.0,,2017,QB,466666,0.28,2017,dallas-cowboys
255,Russell Shepard,27,CAR,15.0,3.0,2.0,19.0,0.0,1.0,100.0,11.0,9.5,1.3,0.1,1.0,,2017,WR,2300000,1.28,2017,carolina-panthers
256,C.J. Spiller,30,KAN,1.0,0.0,2.0,0.0,0.0,0.0,0.0,,0.0,0.0,2.0,0.0,,2017,RB,0,0.0,2017,kansas-city-chiefs
257,Lawrence Thomas,24,NYJ,14.0,4.0,2.0,1.0,0.0,0.0,0.0,1.0,0.5,0.1,0.1,0.0,,2017,DE,437647,0.26,2017,new-york-jets
258,Deonte Thompson,28,2TM,16.0,10.0,2.0,-5.0,0.0,0.0,0.0,,-2.5,-0.3,0.1,1.0,,2017,WR,397471,0.24,2017,buffalo-bills
258,Deonte Thompson,28,CHI,5.0,3.0,0.0,0.0,0.0,0.0,,,,0.0,0.0,1.0,,2017,WR,397471,0.24,2017,buffalo-bills
258,Deonte Thompson,28,BUF,11.0,7.0,2.0,-5.0,0.0,0.0,0.0,,-2.5,-0.5,0.2,0.0,,2017,WR,397471,0.24,2017,buffalo-bills
259,Scott Tolzien,30,IND,1.0,1.0,2.0,2.0,0.0,0.0,0.0,3.0,1.0,2.0,2.0,1.0,,2017,QB,2000000,1.15,2017,indianapolis-colts
260,Delanie Walker,33,TEN,16.0,11.0,2.0,-2.0,1.0,1.0,50.0,1.0,-1.0,-0.1,0.1,2.0,PB,2017,TE,5317708,2.79,2017,tennessee-titans
261,Chad Williams,23,ARI,6.0,1.0,2.0,33.0,0.0,1.0,50.0,33.0,16.5,5.5,0.3,0.0,,2017,WR,641572,0.37,2017,arizona-cardinals
262,Maxx Williams,23,BAL,11.0,8.0,2.0,6.0,0.0,2.0,100.0,4.0,3.0,0.5,0.2,1.0,,2017,TE,1105292,0.68,2017,baltimore-ravens
263,Terrance Williams,28,DAL,16.0,14.0,2.0,15.0,0.0,1.0,100.0,9.0,7.5,0.9,0.1,0.0,,2017,WR,2250000,1.33,2017,dallas-cowboys
264,Robert Woods,25,LAR,12.0,11.0,2.0,12.0,0.0,0.0,50.0,8.0,6.0,1.0,0.2,1.0,,2017,WR,7000000,4.32,2017,los-angeles-rams
265,Nelson Agholor,24,PHI,16.0,10.0,1.0,7.0,0.0,1.0,100.0,7.0,7.0,0.4,0.1,0.0,,2017,WR,2557466,1.45,2017,philadelphia-eagles
267,Josh Bellamy,28,CHI,15.0,7.0,1.0,6.0,0.0,0.0,100.0,6.0,6.0,0.4,0.1,0.0,,2017,WR,615000,0.35,2017,chicago-bears
268,Nat Berhe,26,NYG,15.0,0.0,1.0,2.0,0.0,1.0,100.0,2.0,2.0,0.1,0.1,0.0,,2017,SS,738200,0.44,2017,new-york-giants
270,Tyler Bray,26,KAN,1.0,0.0,1.0,0.0,0.0,0.0,0.0,,0.0,0.0,1.0,1.0,,2017,QB,1318750,0.78,2017,kansas-city-chiefs
271,John Brown,27,ARI,10.0,5.0,1.0,10.0,0.0,1.0,100.0,10.0,10.0,1.0,0.1,0.0,,2017,WR,1932725,1.12,2017,arizona-cardinals
272,Dez Bryant,29,DAL,16.0,16.0,1.0,-4.0,0.0,0.0,0.0,-4.0,-4.0,-0.3,0.1,1.0,,2017,WR,17000000,10.06,2017,dallas-cowboys
274,Amari Cooper,23,OAK,14.0,12.0,1.0,4.0,0.0,1.0,100.0,4.0,4.0,0.3,0.1,1.0,,2017,WR,6180850,3.55,2017,oakland-raiders
275,Pharoh Cooper,22,LAR,16.0,1.0,1.0,6.0,0.0,1.0,100.0,6.0,6.0,0.4,0.1,3.0,"PB,AP-1",2017,WR,678666,0.42,2017,los-angeles-rams
276,Austin Davis,28,SEA,3.0,0.0,1.0,-1.0,0.0,0.0,0.0,-1.0,-1.0,-0.3,0.3,0.0,,2017,QB,695000,0.41,2017,seattle-seahawks
277,Justin Davis,22,LAR,4.0,0.0,1.0,1.0,0.0,0.0,0.0,1.0,1.0,0.3,0.3,0.0,,2017,RB,470000,0.29,2017,los-angeles-rams
278,Josh Doctson,25,WAS,16.0,14.0,1.0,-14.0,0.0,0.0,0.0,-14.0,-14.0,-0.9,0.1,0.0,,2017,WR,2284009,1.29,2017,washington-redskins
279,Phillip Dorsett,24,NWE,15.0,2.0,1.0,7.0,0.0,0.0,100.0,7.0,7.0,0.5,0.1,0.0,,2017,WR,1174583,0.7,2017,new-england-patriots
281,Evan Engram,23,NYG,15.0,11.0,1.0,14.0,0.0,1.0,100.0,14.0,14.0,0.9,0.1,0.0,,2017,TE,1948782,1.16,2017,new-york-giants
282,Gerald Everett,23,LAR,16.0,2.0,1.0,13.0,0.0,1.0,100.0,13.0,13.0,0.8,0.1,1.0,,2017,TE,1098994,0.68,2017,los-angeles-rams
283,Josh Ferguson,24,IND,10.0,0.0,1.0,5.0,0.0,0.0,100.0,5.0,5.0,0.5,0.1,0.0,,2017,RB,349415,0.2,2017,indianapolis-colts
284,Kenny Golladay,24,DET,11.0,5.0,1.0,9.0,0.0,0.0,100.0,9.0,9.0,0.8,0.1,0.0,,2017,WR,644706,0.38,2017,detroit-lions
285,Taylor Heinicke,24,HOU,1.0,0.0,1.0,2.0,0.0,0.0,0.0,2.0,2.0,2.0,1.0,0.0,,2017,QB,108529,0.06,2017,houston-texans
286,Rashard Higgins,23,CLE,15.0,4.0,1.0,4.0,0.0,0.0,100.0,4.0,4.0,0.3,0.1,1.0,,2017,WR,508224,0.23,2017,cleveland-browns
287,Bronson Hill,24,ARI,2.0,0.0,1.0,-2.0,0.0,0.0,0.0,-2.0,-2.0,-1.0,0.5,0.0,,2017,RB,63529,0.04,2017,arizona-cardinals
288,Josh Hill,27,NOR,16.0,11.0,1.0,-8.0,0.0,0.0,0.0,-8.0,-8.0,-0.5,0.1,2.0,,2017,TE,2595833,1.59,2017,new-orleans-saints
289,Jacob Hollister,24,NWE,15.0,1.0,1.0,5.0,0.0,0.0,100.0,5.0,5.0,0.3,0.1,0.0,,2017,TE,468333,0.28,2017,new-england-patriots
290,Adam Humphries,24,TAM,16.0,3.0,1.0,6.0,0.0,1.0,100.0,6.0,6.0,0.4,0.1,1.0,,2017,WR,615000,0.36,2017,tampa-bay-buccaneers
291,Chris Jones,28,DAL,16.0,0.0,1.0,24.0,0.0,1.0,100.0,24.0,24.0,1.5,0.1,0.0,,2017,DE,1416188,0.83,2017,kansas-city-chiefs
291,Chris Jones,28,DAL,16.0,0.0,1.0,24.0,0.0,1.0,100.0,24.0,24.0,1.5,0.1,0.0,,2017,P,1550000,0.92,2017,dallas-cowboys
292,Julio Jones,28,ATL,16.0,16.0,1.0,15.0,0.0,1.0,100.0,15.0,15.0,0.9,0.1,0.0,"PB,AP-2",2017,WR,13900000,8.36,2017,atlanta-falcons
293,Cody Kessler,24,CLE,3.0,0.0,1.0,-1.0,0.0,0.0,0.0,-1.0,-1.0,-0.3,0.3,0.0,,2017,QB,770246,0.36,2017,cleveland-browns
295,Jarvis Landry,25,MIA,16.0,16.0,1.0,-7.0,0.0,0.0,0.0,-7.0,-7.0,-0.4,0.1,4.0,PB,2017,WR,1105654,0.64,2017,miami-dolphins
296,Marqise Lee,26,JAX,14.0,14.0,1.0,17.0,0.0,1.0,100.0,17.0,17.0,1.2,0.1,1.0,,2017,WR,1646280,0.8,2017,jacksonville-jaguars
297,Wil Lutz,23,NOR,16.0,0.0,1.0,4.0,0.0,0.0,0.0,4.0,4.0,0.3,0.1,0.0,,2017,K,540000,0.33,2017,new-orleans-saints
298,Rishard Matthews,28,TEN,14.0,11.0,1.0,-3.0,0.0,0.0,0.0,-3.0,-3.0,-0.2,0.1,0.0,,2017,WR,6333333,3.32,2017,tennessee-titans
300,Isaiah McKenzie,22,DEN,11.0,0.0,1.0,4.0,0.0,0.0,100.0,4.0,4.0,0.4,0.1,6.0,,2017,WR,523961,0.31,2017,denver-broncos
301,Braxton Miller,25,HOU,11.0,3.0,1.0,1.0,0.0,0.0,0.0,1.0,1.0,0.1,0.1,0.0,,2017,WR,734775,0.43,2017,houston-texans
302,Jojo Natson,23,NYJ,7.0,0.0,1.0,15.0,0.0,1.0,100.0,15.0,15.0,2.1,0.1,1.0,,2017,WR,218824,0.13,2017,new-york-jets
303,David Njoku,21,CLE,16.0,5.0,1.0,1.0,0.0,0.0,0.0,1.0,1.0,0.1,0.1,0.0,,2017,TE,1731835,0.8,2017,cleveland-browns
305,Kalif Raymond,23,NYG,6.0,0.0,1.0,-1.0,0.0,0.0,0.0,-1.0,-1.0,-0.2,0.2,2.0,,2017,WR,222352,0.13,2017,new-york-giants
308,Torrey Smith,28,PHI,16.0,14.0,1.0,-3.0,0.0,0.0,0.0,-3.0,-3.0,-0.2,0.1,0.0,,2017,WR,4875000,2.76,2017,philadelphia-eagles
309,Nate Sudfeld,24,PHI,1.0,0.0,1.0,22.0,0.0,1.0,100.0,22.0,22.0,22.0,1.0,0.0,,2017,QB,285882,0.16,2017,philadelphia-eagles
310,Adam Thielen,27,MIN,16.0,16.0,1.0,11.0,0.0,1.0,100.0,11.0,11.0,0.7,0.1,3.0,"PB,AP-2",2017,WR,3746000,2.21,2017,minnesota-vikings
313,Mike Wallace,31,BAL,15.0,14.0,1.0,4.0,0.0,0.0,100.0,4.0,4.0,0.3,0.1,0.0,,2017,WR,8000000,4.9,2017,baltimore-ravens
314,Eric Weems,32,TEN,16.0,0.0,1.0,0.0,0.0,0.0,0.0,,0.0,0.0,0.1,0.0,,2017,WR,1037500,0.54,2017,tennessee-titans
315,Jermaine Whitehead,24,GNB,10.0,0.0,1.0,7.0,0.0,1.0,100.0,7.0,7.0,0.7,0.1,0.0,,2017,FS,300883,0.17,2017,green-bay-packers
316,Kyle Williams,34,BUF,16.0,16.0,1.0,1.0,1.0,1.0,100.0,1.0,1.0,0.1,0.1,0.0,,2017,DT,8300000,4.97,2017,buffalo-bills
318,Davante Adams,25,GNB,14.0,14.0,0.0,0.0,0.0,0.0,,,,0.0,0.0,0.0,PB,2017,WR,4857127,2.77,2017,green-bay-packers
319,Jerell Adams,24,NYG,16.0,1.0,0.0,0.0,0.0,0.0,,,,0.0,0.0,0.0,,2017,TE,575713,0.34,2017,new-york-giants
320,Kamar Aiken,28,IND,15.0,7.0,0.0,0.0,0.0,0.0,,,,0.0,0.0,0.0,,2017,WR,2600000,1.49,2017,indianapolis-colts
321,Dwayne Allen,27,NWE,16.0,8.0,0.0,0.0,0.0,0.0,,,,0.0,0.0,0.0,,2017,TE,4937500,2.95,2017,new-england-patriots
322,Geronimo Allison,23,GNB,15.0,2.0,0.0,0.0,0.0,0.0,,,,0.0,0.0,2.0,,2017,WR,508235,0.29,2017,green-bay-packers
323,Danny Amendola,32,NWE,15.0,8.0,0.0,0.0,0.0,0.0,,,,0.0,0.0,2.0,,2017,WR,3041668,1.82,2017,new-england-patriots
324,Stephen Anderson,24,HOU,15.0,5.0,0.0,0.0,0.0,0.0,,,,0.0,0.0,0.0,,2017,TE,541666,0.31,2017,houston-texans
325,Antony Auclair,24,TAM,8.0,3.0,0.0,0.0,0.0,0.0,,,,0.0,0.0,0.0,,2017,TE,471666,0.27,2017,tampa-bay-buccaneers
326,Cole Beasley,28,DAL,15.0,4.0,0.0,0.0,0.0,0.0,,,,0.0,0.0,0.0,,2017,WR,4500000,2.66,2017,dallas-cowboys
328,Nick Bellore,28,DET,13.0,2.0,0.0,0.0,0.0,0.0,,,,0.0,0.0,0.0,,2017,ILB,578824,0.34,2017,detroit-lions
332,Brenton Bersin,27,CAR,8.0,1.0,0.0,0.0,0.0,0.0,,,,0.0,0.0,0.0,,2017,WR,365292,0.2,2017,carolina-panthers
333,Kendrick Bourne,22,SFO,11.0,0.0,0.0,0.0,0.0,0.0,,,,0.0,0.0,0.0,,2017,WR,466666,0.23,2017,san-francisco-49ers
334,Tyler Boyd,23,CIN,10.0,1.0,0.0,0.0,0.0,0.0,,,,0.0,0.0,0.0,,2017,WR,967947,0.56,2017,cincinnati-bengals
335,Nick Boyle,24,BAL,15.0,11.0,0.0,0.0,0.0,0.0,,,,0.0,0.0,0.0,,2017,TE,656563,0.4,2017,baltimore-ravens
336,Cameron Brate,26,TAM,16.0,5.0,0.0,0.0,0.0,0.0,,,,0.0,0.0,1.0,,2017,TE,690000,0.4,2017,tampa-bay-buccaneers
338,K.J. Brent,24,IND,5.0,0.0,0.0,0.0,0.0,0.0,,,,0.0,0.0,0.0,,2017,WR,136765,0.08,2017,indianapolis-colts
339,Kenny Britt,29,2TM,12.0,4.0,0.0,0.0,0.0,0.0,,,,0.0,0.0,0.0,,2017,WR,158823,0.09,2017,new-england-patriots
339,Kenny Britt,29,CLE,9.0,4.0,0.0,0.0,0.0,0.0,,,,0.0,0.0,0.0,,2017,WR,158823,0.09,2017,new-england-patriots
339,Kenny Britt,29,NWE,3.0,0.0,0.0,0.0,0.0,0.0,,,,0.0,0.0,0.0,,2017,WR,158823,0.09,2017,new-england-patriots
340,Antonio Brown,29,PIT,14.0,14.0,0.0,0.0,0.0,0.0,,,,0.0,0.0,4.0,"PB,AP-1,AP OPoY-2",2017,WR,13618333,8.06,2017,pittsburgh-steelers
341,Daniel Brown,25,CHI,14.0,2.0,0.0,0.0,0.0,0.0,,,,0.0,0.0,0.0,,2017,TE,615000,0.35,2017,chicago-bears
342,Jaron Brown,27,ARI,16.0,8.0,0.0,0.0,0.0,0.0,,,,0.0,0.0,0.0,,2017,WR,1311250,0.76,2017,arizona-cardinals
343,Noah Brown,21,DAL,13.0,1.0,0.0,0.0,0.0,0.0,,,,0.0,0.0,0.0,,2017,WR,482984,0.29,2017,dallas-cowboys
344,Marquis Bundy,23,NYG,1.0,1.0,0.0,0.0,0.0,0.0,,,,0.0,0.0,0.0,,2017,WR,31765,0.02,2017,new-york-giants
345,Trey Burton,26,PHI,15.0,1.0,0.0,0.0,0.0,0.0,,,,0.0,0.0,0.0,,2017,TE,2746000,1.56,2017,philadelphia-eagles
346,Brice Butler,27,DAL,13.0,0.0,0.0,0.0,0.0,0.0,,,,0.0,0.0,0.0,,2017,WR,1100000,0.65,2017,dallas-cowboys
347,Emanuel Byrd,23,GNB,1.0,0.0,0.0,0.0,0.0,0.0,,,,0.0,0.0,0.0,,2017,TE,27353,0.02,2017,green-bay-packers
348,Derek Carrier,27,LAR,14.0,3.0,0.0,0.0,0.0,0.0,,,,0.0,0.0,0.0,,2017,TE,1000000,0.62,2017,los-angeles-rams
350,Brent Celek,32,PHI,16.0,10.0,0.0,0.0,0.0,0.0,,,,0.0,0.0,0.0,,2017,TE,4000000,2.27,2017,philadelphia-eagles
351,Garrett Celek,29,SFO,16.0,13.0,0.0,0.0,0.0,0.0,,,,0.0,0.0,0.0,,2017,TE,2575000,1.26,2017,san-francisco-49ers
352,Orson Charles,26,KAN,5.0,0.0,0.0,0.0,0.0,0.0,,,,0.0,0.0,0.0,,2017,FB,202940,0.12,2017,kansas-city-chiefs
353,Jehu Chesson,24,KAN,12.0,1.0,0.0,0.0,0.0,0.0,,,,0.0,0.0,0.0,,2017,WR,569912,0.33,2017,kansas-city-chiefs
354,Michael Clark,22,GNB,2.0,0.0,0.0,0.0,0.0,0.0,,,,0.0,0.0,0.0,,2017,WR,136765,0.08,2017,green-bay-packers
355,Charles Clay,28,BUF,13.0,13.0,0.0,0.0,0.0,0.0,,,,0.0,0.0,1.0,,2017,TE,9000000,5.39,2017,buffalo-bills
356,Sammie Coates,24,CLE,12.0,1.0,0.0,0.0,0.0,0.0,,,,0.0,0.0,0.0,,2017,WR,615000,0.28,2017,cleveland-browns
357,Keelan Cole,24,JAX,16.0,6.0,0.0,0.0,0.0,0.0,,,,0.0,0.0,2.0,,2017,WR,466333,0.23,2017,jacksonville-jaguars
358,Brandon Coleman,25,NOR,16.0,6.0,0.0,0.0,0.0,0.0,,,,0.0,0.0,2.0,,2017,WR,615000,0.38,2017,new-orleans-saints
359,Corey Coleman,23,CLE,9.0,8.0,0.0,0.0,0.0,0.0,,,,0.0,0.0,0.0,,2017,WR,2648863,1.22,2017,cleveland-browns
361,Jared Cook,30,OAK,16.0,16.0,0.0,0.0,0.0,0.0,,,,0.0,0.0,1.0,,2017,TE,5300000,3.04,2017,oakland-raiders
362,Cody Core,23,CIN,13.0,0.0,0.0,0.0,0.0,0.0,,,,0.0,0.0,0.0,,2017,WR,571983,0.33,2017,cincinnati-bengals
363,Michael Crabtree,30,OAK,14.0,14.0,0.0,0.0,0.0,0.0,,,,0.0,0.0,1.0,,2017,WR,6968750,4.0,2017,oakland-raiders
364,Alan Cross,24,TAM,8.0,4.0,0.0,0.0,0.0,0.0,,,,0.0,0.0,0.0,,2017,TE,158825,0.09,2017,tampa-bay-buccaneers
365,Jeff Cumberland,30,LAC,7.0,3.0,0.0,0.0,0.0,0.0,,,,0.0,0.0,0.0,,2017,TE,364705,0.22,2017,los-angeles-chargers
366,Darrell Daniels,23,IND,12.0,3.0,0.0,0.0,0.0,0.0,,,,0.0,0.0,0.0,,2017,TE,468333,0.27,2017,indianapolis-colts
367,Amara Darboh,23,SEA,16.0,0.0,0.0,0.0,0.0,0.0,,,,0.0,0.0,0.0,,2017,WR,641572,0.38,2017,seattle-seahawks
368,Corey Davis,22,TEN,11.0,9.0,0.0,0.0,0.0,0.0,,,,0.0,0.0,1.0,,2017,WR,4617216,2.42,2017,tennessee-titans
369,Vernon Davis,33,WAS,16.0,16.0,0.0,0.0,0.0,0.0,,,,0.0,0.0,2.0,,2017,TE,3333333,1.89,2017,washington-redskins
370,Eric Decker,30,TEN,16.0,8.0,0.0,0.0,0.0,0.0,,,,0.0,0.0,0.0,,2017,WR,3878125,2.03,2017,tennessee-titans
371,A.J. Derby,26,2TM,11.0,1.0,0.0,0.0,0.0,0.0,,,,0.0,0.0,1.0,,2017,TE,180880,0.11,2017,miami-dolphins
371,A.J. Derby,26,DEN,9.0,1.0,0.0,0.0,0.0,0.0,,,,0.0,0.0,1.0,,2017,TE,180880,0.11,2017,miami-dolphins
371,A.J. Derby,26,MIA,2.0,0.0,0.0,0.0,0.0,0.0,,,,0.0,0.0,0.0,,2017,TE,180880,0.11,2017,miami-dolphins
372,Seth Devalve,24,CLE,16.0,4.0,0.0,0.0,0.0,0.0,,,,0.0,0.0,1.0,,2017,TE,635848,0.29,2017,cleveland-browns
373,James Develin,29,NWE,16.0,7.0,0.0,0.0,0.0,0.0,,,,0.0,0.0,0.0,PB,2017,FB,1375000,0.82,2017,new-england-patriots
374,Ed Dickson,30,CAR,16.0,12.0,0.0,0.0,0.0,0.0,,,,0.0,0.0,0.0,,2017,TE,2716668,1.51,2017,carolina-panthers
375,Harry Douglas,33,TEN,2.0,0.0,0.0,0.0,0.0,0.0,,,,0.0,0.0,0.0,,2017,WR,2342709,1.23,2017,tennessee-titans
376,Jack Doyle,27,IND,15.0,15.0,0.0,0.0,0.0,0.0,,,,0.0,0.0,2.0,PB,2017,TE,8000000,4.58,2017,indianapolis-colts
378,Eric Ebron,24,DET,16.0,9.0,0.0,0.0,0.0,0.0,,,,0.0,0.0,1.0,,2017,TE,3897455,2.31,2017,detroit-lions
380,Rhett Ellison,29,NYG,16.0,14.0,0.0,0.0,0.0,0.0,,,,0.0,0.0,0.0,,2017,TE,2250000,1.34,2017,new-york-giants
381,Zach Ertz,27,PHI,14.0,13.0,0.0,0.0,0.0,0.0,,,,0.0,0.0,1.0,PB,2017,TE,3020000,1.71,2017,philadelphia-eagles
382,Cameron Erving,25,KAN,13.0,4.0,0.0,0.0,0.0,0.0,,,,0.0,0.0,0.0,,2017,G,1292188,0.76,2017,kansas-city-chiefs
383,Mike Evans,24,TAM,15.0,15.0,0.0,0.0,0.0,0.0,,,,0.0,0.0,1.0,,2017,WR,4655478,2.7,2017,tampa-bay-buccaneers
384,Anthony Fasano,33,MIA,16.0,7.0,0.0,0.0,0.0,0.0,,,,0.0,0.0,1.0,,2017,TE,2750000,1.6,2017,miami-dolphins
385,Darren Fells,31,DET,16.0,13.0,0.0,0.0,0.0,0.0,,,,0.0,0.0,0.0,,2017,TE,975000,0.58,2017,detroit-lions
387,Larry Fitzgerald,34,ARI,16.0,16.0,0.0,0.0,0.0,0.0,,,,0.0,0.0,1.0,PB,2017,WR,15850000,9.22,2017,arizona-cardinals
389,Michael Floyd,28,MIN,11.0,1.0,0.0,0.0,0.0,0.0,,,,0.0,0.0,0.0,,2017,WR,1137058,0.67,2017,minnesota-vikings
390,Bennie Fowler,26,DEN,16.0,4.0,0.0,0.0,0.0,0.0,,,,0.0,0.0,1.0,,2017,WR,615000,0.37,2017,denver-broncos
391,Devin Funchess,23,CAR,16.0,16.0,0.0,0.0,0.0,0.0,,,,0.0,0.0,0.0,,2017,WR,1505697,0.84,2017,carolina-panthers
393,Antonio Gates,37,LAC,16.0,4.0,0.0,0.0,0.0,0.0,,,,0.0,0.0,0.0,,2017,TE,5437500,3.21,2017,los-angeles-chargers
395,Shelton Gibson,23,PHI,5.0,0.0,0.0,0.0,0.0,0.0,,,,0.0,0.0,0.0,,2017,WR,529309,0.3,2017,philadelphia-eagles
396,Chris Godwin,21,TAM,16.0,2.0,0.0,0.0,0.0,0.0,,,,0.0,0.0,0.0,,2017,WR,663041,0.38,2017,tampa-bay-buccaneers
398,Josh Gordon,26,CLE,5.0,5.0,0.0,0.0,0.0,0.0,,,,0.0,0.0,0.0,,2017,WR,377084,0.17,2017,cleveland-browns
399,Jimmy Graham,31,SEA,16.0,13.0,0.0,0.0,0.0,0.0,,,,0.0,0.0,0.0,PB,2017,TE,10000000,5.91,2017,seattle-seahawks
400,Ryan Grant,27,WAS,16.0,7.0,0.0,0.0,0.0,0.0,,,,0.0,0.0,0.0,,2017,WR,743403,0.42,2017,washington-redskins
401,Hroniss Grasu,26,CHI,6.0,4.0,0.0,0.0,0.0,0.0,,,,0.0,0.0,0.0,,2017,C,877980,0.5,2017,chicago-bears
402,A.J. Green,29,CIN,16.0,16.0,0.0,0.0,0.0,0.0,,,,0.0,0.0,2.0,PB,2017,WR,13500000,7.81,2017,cincinnati-bengals
403,Virgil Green,29,DEN,16.0,16.0,0.0,0.0,0.0,0.0,,,,0.0,0.0,0.0,,2017,TE,3300000,1.97,2017,denver-broncos
404,Jermaine Gresham,29,ARI,14.0,14.0,0.0,0.0,0.0,0.0,,,,0.0,0.0,0.0,,2017,TE,3750000,2.18,2017,arizona-cardinals
406,Ryan Griffin,27,HOU,7.0,6.0,0.0,0.0,0.0,0.0,,,,0.0,0.0,0.0,,2017,QB,1150000,0.67,2017,tampa-bay-buccaneers
407,Xavier Grimble,25,PIT,15.0,2.0,0.0,0.0,0.0,0.0,,,,0.0,0.0,0.0,,2017,TE,540000,0.32,2017,pittsburgh-steelers
408,Rob Gronkowski,28,NWE,14.0,14.0,0.0,0.0,0.0,0.0,,,,0.0,0.0,1.0,"PB,AP-1,AP CPoY-3",2017,TE,6500000,3.88,2017,new-england-patriots
409,Marvin Hall,24,ATL,8.0,0.0,0.0,0.0,0.0,0.0,,,,0.0,0.0,0.0,,2017,WR,328236,0.2,2017,atlanta-falcons
410,Cobi Hamilton,27,HOU,3.0,1.0,0.0,0.0,0.0,0.0,,,,0.0,0.0,0.0,,2017,WR,190590,0.11,2017,houston-texans
411,James Hanna,28,DAL,16.0,8.0,0.0,0.0,0.0,0.0,,,,0.0,0.0,0.0,,2017,TE,3000000,1.78,2017,dallas-cowboys
412,Chad Hansen,22,NYJ,15.0,1.0,0.0,0.0,0.0,0.0,,,,0.0,0.0,0.0,,2017,WR,569912,0.34,2017,new-york-jets
413,Justin Hardy,26,ATL,16.0,1.0,0.0,0.0,0.0,0.0,,,,0.0,0.0,1.0,,2017,WR,750205,0.45,2017,atlanta-falcons
414,Demetrius Harris,26,KAN,16.0,7.0,0.0,0.0,0.0,0.0,,,,0.0,0.0,0.0,,2017,TE,1550000,0.91,2017,kansas-city-chiefs
415,Maurice Harris,25,WAS,6.0,0.0,0.0,0.0,0.0,0.0,,,,0.0,0.0,0.0,,2017,WR,254117,0.14,2017,washington-redskins
416,Matt Hazel,25,IND,4.0,0.0,0.0,0.0,0.0,0.0,,,,0.0,0.0,0.0,,2017,WR,95294,0.04,2017,cleveland-browns
418,Jeff Heuerman,25,DEN,14.0,6.0,0.0,0.0,0.0,0.0,,,,0.0,0.0,0.0,,2017,TE,785201,0.47,2017,denver-broncos
419,Ryan Hewitt,26,CIN,13.0,3.0,0.0,0.0,0.0,0.0,,,,0.0,0.0,0.0,,2017,FB,2275000,1.32,2017,cincinnati-bengals
420,Tyler Higbee,24,LAR,16.0,16.0,0.0,0.0,0.0,0.0,,,,0.0,0.0,0.0,,2017,TE,685215,0.42,2017,los-angeles-rams
422,T.Y. Hilton,28,IND,16.0,16.0,0.0,0.0,0.0,0.0,,,,0.0,0.0,2.0,PB,2017,WR,10000000,5.73,2017,indianapolis-colts
423,Mack Hollins,24,PHI,16.0,0.0,0.0,0.0,0.0,0.0,,,,0.0,0.0,0.0,,2017,WR,623917,0.35,2017,philadelphia-eagles
425,Gabe Holmes,26,ARI,2.0,0.0,0.0,0.0,0.0,0.0,,,,0.0,0.0,0.0,,2017,TE,95294,0.06,2017,arizona-cardinals
426,Johnny Holton,27,OAK,16.0,1.0,0.0,0.0,0.0,0.0,,,,0.0,0.0,3.0,,2017,WR,541666,0.31,2017,oakland-raiders
427,Michael Hoomanawanui,29,NOR,14.0,10.0,0.0,0.0,0.0,0.0,,,,0.0,0.0,0.0,,2017,TE,1933333,1.18,2017,new-orleans-saints
428,Austin Hooper,23,ATL,16.0,8.0,0.0,0.0,0.0,0.0,,,,0.0,0.0,0.0,,2017,TE,733357,0.44,2017,atlanta-falcons
429,DeAndre Hopkins,25,HOU,15.0,15.0,0.0,0.0,0.0,0.0,,,,0.0,0.0,1.0,"PB,AP-1,AP OPoY-4",2017,WR,18000000,10.44,2017,houston-texans
431,Justin Hunter,26,PIT,7.0,1.0,0.0,0.0,0.0,0.0,,,,0.0,0.0,0.0,,2017,WR,695000,0.41,2017,pittsburgh-steelers
432,Allen Hurns,26,JAX,10.0,8.0,0.0,0.0,0.0,0.0,,,,0.0,0.0,0.0,,2017,WR,7000000,3.4,2017,jacksonville-jaguars
433,Dontrelle Inman,28,2TM,12.0,7.0,0.0,0.0,0.0,0.0,,,,0.0,0.0,0.0,,2017,WR,1615290,0.93,2017,chicago-bears
433,Dontrelle Inman,28,LAC,4.0,0.0,0.0,0.0,0.0,0.0,,,,0.0,0.0,0.0,,2017,WR,1615290,0.93,2017,chicago-bears
433,Dontrelle Inman,28,CHI,8.0,7.0,0.0,0.0,0.0,0.0,,,,0.0,0.0,0.0,,2017,WR,1615290,0.93,2017,chicago-bears
434,Jesse James,23,PIT,16.0,14.0,0.0,0.0,0.0,0.0,,,,0.0,0.0,0.0,,2017,TE,667228,0.4,2017,pittsburgh-steelers
435,Jeff Janis,26,GNB,16.0,0.0,0.0,0.0,0.0,0.0,,,,0.0,0.0,0.0,,2017,WR,702848,0.4,2017,green-bay-packers
436,Alshon Jeffery,27,PHI,16.0,16.0,0.0,0.0,0.0,0.0,,,,0.0,0.0,0.0,,2017,WR,10750000,6.1,2017,philadelphia-eagles
437,Marcus Johnson,23,PHI,10.0,0.0,0.0,0.0,0.0,0.0,,,,0.0,0.0,1.0,,2017,WR,465000,0.26,2017,philadelphia-eagles
438,Marvin Jones,27,DET,16.0,16.0,0.0,0.0,0.0,0.0,,,,0.0,0.0,0.0,,2017,WR,8600000,5.11,2017,detroit-lions
441,Zay Jones,22,BUF,15.0,10.0,0.0,0.0,0.0,0.0,,,,0.0,0.0,0.0,,2017,WR,1232696,0.74,2017,buffalo-bills
442,Jermaine Kearse,27,NYJ,16.0,14.0,0.0,0.0,0.0,0.0,,,,0.0,0.0,1.0,,2017,WR,2200000,1.32,2017,new-york-jets
443,Lance Kendricks,29,GNB,16.0,9.0,0.0,0.0,0.0,0.0,,,,0.0,0.0,0.0,,2017,TE,1775000,1.01,2017,green-bay-packers
445,Joe Kerridge,25,GNB,4.0,0.0,0.0,0.0,0.0,0.0,,,,0.0,0.0,0.0,,2017,FB,31765,0.02,2017,green-bay-packers
446,George Kittle,24,SFO,15.0,7.0,0.0,0.0,0.0,0.0,,,,0.0,0.0,0.0,,2017,TE,539571,0.26,2017,san-francisco-49ers
447,Ben Koyack,24,JAX,16.0,3.0,0.0,0.0,0.0,0.0,,,,0.0,0.0,0.0,,2017,TE,540000,0.26,2017,jacksonville-jaguars
448,Tyler Kroft,25,CIN,16.0,16.0,0.0,0.0,0.0,0.0,,,,0.0,0.0,0.0,,2017,TE,799944,0.46,2017,cincinnati-bengals
449,Cooper Kupp,24,LAR,15.0,6.0,0.0,0.0,0.0,0.0,,,,0.0,0.0,1.0,,2017,WR,703690,0.43,2017,los-angeles-rams
450,Matt LaCosse,25,NYG,3.0,1.0,0.0,0.0,0.0,0.0,,,,0.0,0.0,0.0,,2017,TE,82059,0.05,2017,denver-broncos
451,Brandon LaFell,31,CIN,16.0,15.0,0.0,0.0,0.0,0.0,,,,0.0,0.0,1.0,,2017,WR,5000000,2.89,2017,cincinnati-bengals
452,Cody Latimer,25,DEN,11.0,1.0,0.0,0.0,0.0,0.0,,,,0.0,0.0,1.0,,2017,WR,1180025,0.7,2017,denver-broncos
454,Marcedes Lewis,33,JAX,16.0,16.0,0.0,0.0,0.0,0.0,,,,0.0,0.0,0.0,,2017,TE,4250000,2.06,2017,jacksonville-jaguars
455,Roger Lewis,24,NYG,15.0,8.0,0.0,0.0,0.0,0.0,,,,0.0,0.0,0.0,,2017,WR,546166,0.33,2017,new-york-giants
456,Ricardo Louis,23,CLE,16.0,9.0,0.0,0.0,0.0,0.0,,,,0.0,0.0,0.0,,2017,WR,681962,0.31,2017,cleveland-browns
457,Jeremy Maclin,29,BAL,12.0,12.0,0.0,0.0,0.0,0.0,,,,0.0,0.0,0.0,,2017,WR,3500000,2.14,2017,baltimore-ravens
459,Ryan Malleck,24,HOU,2.0,0.0,0.0,0.0,0.0,0.0,,,,0.0,0.0,0.0,,2017,TE,54706,0.03,2017,houston-texans
461,Brandon Marshall,33,NYG,5.0,5.0,0.0,0.0,0.0,0.0,,,,0.0,0.0,0.0,,2017,ILB,4500000,2.68,2017,denver-broncos
462,Freddie Martino,26,TAM,8.0,0.0,0.0,0.0,0.0,0.0,,,,0.0,0.0,0.0,,2017,WR,253235,0.15,2017,tampa-bay-buccaneers
466,Max McCaffrey,23,JAX,5.0,0.0,0.0,0.0,0.0,0.0,,,,0.0,0.0,0.0,,2017,WR,82059,0.04,2017,san-francisco-49ers
467,Vance McDonald,27,PIT,10.0,7.0,0.0,0.0,0.0,0.0,,,,0.0,0.0,0.0,,2017,TE,2175000,1.29,2017,pittsburgh-steelers
468,Tanner McEvoy,24,SEA,15.0,0.0,0.0,0.0,0.0,0.0,,,,0.0,0.0,1.0,,2017,S,540000,0.32,2017,seattle-seahawks
469,Sean McGrath,30,LAC,15.0,6.0,0.0,0.0,0.0,0.0,,,,0.0,0.0,0.0,,2017,TE,615000,0.36,2017,los-angeles-chargers
470,Jaydon Mickens,23,JAX,10.0,0.0,0.0,0.0,0.0,0.0,,,,0.0,0.0,4.0,,2017,WR,300883,0.15,2017,jacksonville-jaguars
471,Brian Mihalik,25,DET,15.0,2.0,0.0,0.0,0.0,0.0,,,,0.0,0.0,0.0,,2017,T,540000,0.32,2017,detroit-lions
474,Donte Moncrief,24,IND,12.0,8.0,0.0,0.0,0.0,0.0,,,,0.0,0.0,0.0,,2017,WR,1932880,1.11,2017,indianapolis-colts
475,David Morgan,24,MIN,15.0,6.0,0.0,0.0,0.0,0.0,,,,0.0,0.0,0.0,,2017,TE,573864,0.34,2017,minnesota-vikings
476,Louis Murphy,30,SFO,7.0,7.0,0.0,0.0,0.0,0.0,,,,0.0,0.0,0.0,,2017,WR,289412,0.14,2017,san-francisco-49ers
477,Jordy Nelson,32,GNB,15.0,15.0,0.0,0.0,0.0,0.0,,,,0.0,0.0,0.0,,2017,WR,11550000,6.6,2017,green-bay-packers
478,Troy Niklas,25,ARI,15.0,11.0,0.0,0.0,0.0,0.0,,,,0.0,0.0,0.0,,2017,TE,1280141,0.75,2017,arizona-cardinals
479,Nick O'Leary,25,BUF,15.0,5.0,0.0,0.0,0.0,0.0,,,,0.0,0.0,1.0,,2017,TE,615000,0.37,2017,buffalo-bills
480,James O'Shaughnessy,25,JAX,16.0,1.0,0.0,0.0,0.0,0.0,,,,0.0,0.0,0.0,,2017,TE,615000,0.3,2017,jacksonville-jaguars
481,Greg Olsen,32,CAR,7.0,7.0,0.0,0.0,0.0,0.0,,,,0.0,0.0,0.0,,2017,TE,12100000,6.72,2017,carolina-panthers
482,DeVante Parker,24,MIA,13.0,12.0,0.0,0.0,0.0,0.0,,,,0.0,0.0,1.0,,2017,WR,2966330,1.72,2017,miami-dolphins
483,Logan Paulsen,30,SFO,14.0,1.0,0.0,0.0,0.0,0.0,,,,0.0,0.0,0.0,,2017,TE,364705,0.18,2017,san-francisco-49ers
485,Breshad Perriman,24,BAL,11.0,3.0,0.0,0.0,0.0,0.0,,,,0.0,0.0,0.0,,2017,WR,2374177,1.45,2017,baltimore-ravens
488,Jay Prosch,25,HOU,16.0,5.0,0.0,0.0,0.0,0.0,,,,0.0,0.0,0.0,,2017,FB,1709670,0.99,2017,houston-texans
490,Brian Quick,28,WAS,11.0,1.0,0.0,0.0,0.0,0.0,,,,0.0,0.0,0.0,,2017,WR,695000,0.39,2017,washington-redskins
491,Brent Qvale,26,NYJ,16.0,6.0,0.0,0.0,0.0,0.0,,,,0.0,0.0,0.0,,2017,RT,615000,0.37,2017,new-york-jets
493,Josh Reynolds,22,LAR,16.0,1.0,0.0,0.0,0.0,0.0,,,,0.0,0.0,0.0,,2017,WR,627005,0.39,2017,los-angeles-rams
494,Patrick Ricard,23,BAL,16.0,0.0,0.0,0.0,0.0,0.0,,,,0.0,0.0,0.0,,2017,DT,467166,0.29,2017,baltimore-ravens
495,Paul Richardson,25,SEA,16.0,13.0,0.0,0.0,0.0,0.0,,,,0.0,0.0,0.0,,2017,WR,1499538,0.89,2017,seattle-seahawks
496,Andre Roberts,29,ATL,16.0,0.0,0.0,0.0,0.0,0.0,,,,0.0,0.0,4.0,,2017,WR,1800000,1.08,2017,atlanta-falcons
497,Michael Roberts,23,DET,15.0,3.0,0.0,0.0,0.0,0.0,,,,0.0,0.0,0.0,,2017,TE,615784,0.37,2017,detroit-lions
498,Seth Roberts,26,OAK,15.0,7.0,0.0,0.0,0.0,0.0,,,,0.0,0.0,2.0,,2017,WR,2000000,1.15,2017,oakland-raiders
499,Aldrick Robinson,29,SFO,16.0,1.0,0.0,0.0,0.0,0.0,,,,0.0,0.0,0.0,,2017,WR,1800000,0.88,2017,san-francisco-49ers
501,Demarcus Robinson,23,KAN,16.0,8.0,0.0,0.0,0.0,0.0,,,,0.0,0.0,0.0,,2017,WR,678293,0.4,2017,kansas-city-chiefs
502,Richard Rodgers,25,GNB,15.0,1.0,0.0,0.0,0.0,0.0,,,,0.0,0.0,0.0,,2017,TE,1923504,1.1,2017,green-bay-packers
503,Eli Rogers,25,PIT,14.0,4.0,0.0,0.0,0.0,0.0,,,,0.0,0.0,1.0,,2017,WR,541668,0.32,2017,pittsburgh-steelers
504,Kyle Rudolph,28,MIN,16.0,16.0,0.0,0.0,0.0,0.0,,,,0.0,0.0,0.0,PB,2017,TE,6800000,4.01,2017,minnesota-vikings
505,Travis Rudolph,22,NYG,7.0,1.0,0.0,0.0,0.0,0.0,,,,0.0,0.0,0.0,,2017,WR,328235,0.2,2017,new-york-giants
506,Ty Sambrailo,25,ATL,15.0,2.0,0.0,0.0,0.0,0.0,,,,0.0,0.0,0.0,,2017,LT,784633,0.47,2017,atlanta-falcons
507,Emmanuel Sanders,30,DEN,12.0,11.0,0.0,0.0,0.0,0.0,,,,0.0,0.0,0.0,,2017,WR,9537500,5.68,2017,denver-broncos
508,Ricky Seals-Jones,22,ARI,10.0,1.0,0.0,0.0,0.0,0.0,,,,0.0,0.0,0.0,,2017,TE,410294,0.24,2017,arizona-cardinals
509,Austin Seferian-Jenkins,25,NYJ,13.0,10.0,0.0,0.0,0.0,0.0,,,,0.0,0.0,1.0,,2017,TE,1011690,0.61,2017,new-york-jets
510,Adam Shaheen,23,CHI,13.0,7.0,0.0,0.0,0.0,0.0,,,,0.0,0.0,0.0,,2017,TE,1074643,0.62,2017,chicago-bears
511,Hunter Sharp,23,2TM,3.0,1.0,0.0,0.0,0.0,0.0,,,,0.0,0.0,0.0,,2017,WR,82059,0.05,2017,new-york-giants
511,Hunter Sharp,23,DEN,1.0,0.0,0.0,0.0,0.0,0.0,,,,0.0,0.0,0.0,,2017,WR,82059,0.05,2017,new-york-giants
511,Hunter Sharp,23,NYG,2.0,1.0,0.0,0.0,0.0,0.0,,,,0.0,0.0,0.0,,2017,WR,82059,0.05,2017,new-york-giants
512,Dion Sims,26,CHI,14.0,14.0,0.0,0.0,0.0,0.0,,,,0.0,0.0,0.0,,2017,TE,5333333,3.06,2017,chicago-bears
513,De'Veon Smith,23,MIA,5.0,0.0,0.0,0.0,0.0,0.0,,,,0.0,0.0,0.0,,2017,RB,136765,0.08,2017,miami-dolphins
514,Jonnu Smith,22,TEN,16.0,13.0,0.0,0.0,0.0,0.0,,,,0.0,0.0,0.0,,2017,TE,641572,0.34,2017,tennessee-titans
515,Keith Smith,25,DAL,16.0,3.0,0.0,0.0,0.0,0.0,,,,0.0,0.0,0.0,,2017,FB,690000,0.41,2017,dallas-cowboys
516,Lee Smith,30,OAK,16.0,9.0,0.0,0.0,0.0,0.0,,,,0.0,0.0,0.0,,2017,TE,1500000,0.86,2017,oakland-raiders
517,JuJu Smith-Schuster,21,PIT,14.0,7.0,0.0,0.0,0.0,0.0,,,,0.0,0.0,0.0,,2017,WR,735516,0.44,2017,pittsburgh-steelers
518,Willie Snead,25,NOR,11.0,7.0,0.0,0.0,0.0,0.0,,,,0.0,0.0,1.0,,2017,WR,506470,0.31,2017,new-orleans-saints
519,Jeremy Sprinkle,23,WAS,11.0,5.0,0.0,0.0,0.0,0.0,,,,0.0,0.0,0.0,,2017,TE,534125,0.3,2017,washington-redskins
520,Neal Sterling,25,NYJ,11.0,1.0,0.0,0.0,0.0,0.0,,,,0.0,0.0,0.0,,2017,TE,361764,0.22,2017,new-york-jets
521,Kenny Stills,25,MIA,16.0,16.0,0.0,0.0,0.0,0.0,,,,0.0,0.0,4.0,,2017,WR,3750000,2.18,2017,miami-dolphins
522,Luke Stocker,29,2TM,12.0,6.0,0.0,0.0,0.0,0.0,,,,0.0,0.0,0.0,,2017,TE,244853,0.13,2017,tennessee-titans
522,Luke Stocker,29,TAM,9.0,4.0,0.0,0.0,0.0,0.0,,,,0.0,0.0,0.0,,2017,TE,244853,0.13,2017,tennessee-titans
522,Luke Stocker,29,TEN,3.0,2.0,0.0,0.0,0.0,0.0,,,,0.0,0.0,0.0,,2017,TE,244853,0.13,2017,tennessee-titans
524,Phillip Supernaw,27,TEN,16.0,3.0,0.0,0.0,0.0,0.0,,,,0.0,0.0,0.0,,2017,TE,1200000,0.63,2017,tennessee-titans
525,Geoff Swaim,24,DAL,15.0,2.0,0.0,0.0,0.0,0.0,,,,0.0,0.0,0.0,,2017,TE,628683,0.37,2017,dallas-cowboys
526,Brandon Tate,30,BUF,13.0,1.0,0.0,0.0,0.0,0.0,,,,0.0,0.0,1.0,,2017,WR,695000,0.42,2017,buffalo-bills
527,Jordan Taylor,25,DEN,10.0,2.0,0.0,0.0,0.0,0.0,,,,0.0,0.0,1.0,,2017,WR,540000,0.32,2017,denver-broncos
528,Trent Taylor,23,SFO,15.0,1.0,0.0,0.0,0.0,0.0,,,,0.0,0.0,1.0,,2017,WR,515484,0.25,2017,san-francisco-49ers
529,Randall Telfer,25,CLE,16.0,14.0,0.0,0.0,0.0,0.0,,,,0.0,0.0,0.0,,2017,TE,569384,0.26,2017,cleveland-browns
530,Demaryius Thomas,30,DEN,16.0,16.0,0.0,0.0,0.0,0.0,,,,0.0,0.0,1.0,,2017,WR,12033333,7.17,2017,denver-broncos
532,Logan Thomas,26,BUF,12.0,2.0,0.0,0.0,0.0,0.0,,,,0.0,0.0,0.0,,2017,TE,752500,0.45,2017,buffalo-bills
533,Michael Thomas,24,NOR,16.0,14.0,0.0,0.0,0.0,0.0,,,,0.0,0.0,0.0,PB,2017,WR,1163403,0.71,2017,new-orleans-saints
534,Mike Thomas,23,LAR,8.0,1.0,0.0,0.0,0.0,0.0,,,,0.0,0.0,1.0,,2017,WR,441958,0.27,2017,los-angeles-rams
535,Chris Thompson,23,HOU,13.0,0.0,0.0,0.0,0.0,0.0,,,,0.0,0.0,3.0,,2017,WR,382942,0.22,2017,houston-texans
536,Shaq Thompson,23,CAR,14.0,14.0,0.0,0.0,0.0,0.0,,,,0.0,0.0,0.0,,2017,OLB,2402379,1.34,2017,carolina-panthers
537,Levine Toilolo,26,ATL,15.0,12.0,0.0,0.0,0.0,0.0,,,,0.0,0.0,0.0,,2017,TE,2500000,1.5,2017,atlanta-falcons
538,Eric Tomlinson,25,NYJ,14.0,12.0,0.0,0.0,0.0,0.0,,,,0.0,0.0,0.0,,2017,TE,540000,0.32,2017,new-york-jets
539,Ross Travis,24,2TM,15.0,3.0,0.0,0.0,0.0,0.0,,,,0.0,0.0,1.0,,2017,TE,158825,0.09,2017,indianapolis-colts
539,Ross Travis,24,KAN,11.0,3.0,0.0,0.0,0.0,0.0,,,,0.0,0.0,1.0,,2017,TE,158825,0.09,2017,indianapolis-colts
539,Ross Travis,24,IND,4.0,0.0,0.0,0.0,0.0,0.0,,,,0.0,0.0,0.0,,2017,TE,158825,0.09,2017,indianapolis-colts
540,Austin Traylor,24,DEN,7.0,3.0,0.0,0.0,0.0,0.0,,,,0.0,0.0,0.0,,2017,TE,191471,0.11,2017,denver-broncos
541,Laquon Treadwell,22,MIN,16.0,7.0,0.0,0.0,0.0,0.0,,,,0.0,0.0,1.0,,2017,WR,2257949,1.33,2017,minnesota-vikings
543,C.J. Uzomah,24,CIN,14.0,4.0,0.0,0.0,0.0,0.0,,,,0.0,0.0,0.0,,2017,TE,668190,0.39,2017,cincinnati-bengals
544,Nick Vannett,24,SEA,15.0,4.0,0.0,0.0,0.0,0.0,,,,0.0,0.0,0.0,,2017,TE,726220,0.43,2017,seattle-seahawks
547,Sammy Watkins,24,LAR,15.0,14.0,0.0,0.0,0.0,0.0,,,,0.0,0.0,0.0,,2017,WR,690000,0.43,2017,los-angeles-rams
549,Dede Westbrook,24,JAX,7.0,5.0,0.0,0.0,0.0,0.0,,,,0.0,0.0,1.0,,2017,WR,551981,0.27,2017,jacksonville-jaguars
550,Leonard Wester,24,TAM,8.0,0.0,0.0,0.0,0.0,0.0,,,,0.0,0.0,0.0,,2017,T,546666,0.32,2017,tampa-bay-buccaneers
552,Markus Wheaton,26,CHI,11.0,0.0,0.0,0.0,0.0,0.0,,,,0.0,0.0,0.0,,2017,WR,5250000,3.01,2017,chicago-bears
553,DeAndrew White,26,HOU,2.0,1.0,0.0,0.0,0.0,0.0,,,,0.0,0.0,1.0,,2017,WR,109412,0.06,2017,houston-texans
555,Isaac Whitney,23,OAK,2.0,0.0,0.0,0.0,0.0,0.0,,,,0.0,0.0,0.0,,2017,WR,136765,0.08,2017,oakland-raiders
556,Brandon Williams,30,IND,14.0,10.0,0.0,0.0,0.0,0.0,,,,0.0,0.0,0.0,,2017,CB,731673,0.43,2017,arizona-cardinals
556,Brandon Williams,30,IND,14.0,10.0,0.0,0.0,0.0,0.0,,,,0.0,0.0,0.0,,2017,DT,3820000,2.34,2017,baltimore-ravens
558,Marcus Williams,26,NYJ,5.0,0.0,0.0,0.0,0.0,0.0,,,,0.0,0.0,0.0,,2017,CB,1938348,1.12,2017,houston-texans
558,Marcus Williams,26,NYJ,5.0,0.0,0.0,0.0,0.0,0.0,,,,0.0,0.0,0.0,,2017,FS,1134625,0.7,2017,new-orleans-saints
559,Marquez Williams,23,CLE,1.0,0.0,0.0,0.0,0.0,0.0,,,,0.0,0.0,0.0,,2017,FB,27353,0.01,2017,cleveland-browns
560,Mike Williams,23,LAC,10.0,1.0,0.0,0.0,0.0,0.0,,,,0.0,0.0,0.0,,2017,WR,3590896,2.12,2017,los-angeles-chargers
561,Nick Williams,27,ATL,1.0,0.0,0.0,0.0,0.0,0.0,,,,0.0,0.0,0.0,,2017,WR,690000,0.41,2017,atlanta-falcons
562,Tyrell Williams,25,LAC,16.0,15.0,0.0,0.0,0.0,0.0,,,,0.0,0.0,1.0,,2017,WR,615000,0.36,2017,los-angeles-chargers
563,Luke Willson,27,SEA,16.0,7.0,0.0,0.0,0.0,0.0,,,,0.0,0.0,0.0,,2017,TE,1800000,1.06,2017,seattle-seahawks
564,Jason Witten,35,DAL,16.0,16.0,0.0,0.0,0.0,0.0,,,,0.0,0.0,1.0,PB,2017,TE,12262000,7.26,2017,dallas-cowboys
565,Jarius Wright,28,MIN,16.0,0.0,0.0,0.0,0.0,0.0,,,,0.0,0.0,0.0,,2017,WR,3053750,1.8,2017,minnesota-vikings
566,Kendall Wright,28,CHI,16.0,4.0,0.0,0.0,0.0,0.0,,,,0.0,0.0,0.0,,2017,WR,1843750,1.06,2017,chicago-bears
567,Kevin Zeitler,27,CLE,16.0,16.0,0.0,0.0,0.0,0.0,,,,0.0,0.0,0.0,,2017,G,8400000,3.88,2017,cleveland-browns
